objectname,objectid,rating,numplays,weight,own,fortrade,want,wanttobuy,wanttoplay,prevowned,preordered,wishlist,wishlistpriority,wishlistcomment,comment,conditiontext,haspartslist,wantpartslist,collid,baverage,average,avgweight,rank,numowned,objecttype,originalname,minplayers,maxplayers,playingtime,maxplaytime,minplaytime,yearpublished,bggrecplayers,bggbestplayers,bggrecagerange,bgglanguagedependence,publisherid,imageid,year,language,other,itemtype,barcode,pricepaid,pp_currency,currvalue,cv_currency,acquisitiondate,acquiredfrom,quantity,privatecomment,invlocation,invdate,version_publishers,version_languages,version_yearpublished,version_nickname
"12 Rivers","447649","7.9","1","0","1","0","0","0","0","0","0","0","3","","2-4 players
45-75 min 
S-3-4","","","","140199101","5.84517","7.0993","1.9","4372","1426","thing","12 Rivers","2","4","75","75","45","2025","3,4","4","8+","Some necessary text - easily memorized or small crib sheet","","","","","","standalone","","","","","","","","","","","","","","",""
"16 Candies","376932","0","0","0","1","0","0","0","0","0","0","0","3","","","","","","146488266","5.50496","6.13974","1","24715","215","thing","16 Candies","2","4","30","30","15","2024","3,4","3","10+","","","","","","","standalone","","","","","","","","","","","","","","",""
"20 Strong: Tanglewoods","432950","0","0","0","1","0","0","0","0","0","0","0","3","","1 Player 
30-40 Minutes
C-C-4","","","","147962608","5.6801","7.63401","2.2727","0","1773","thing","20 Strong: Tanglewoods","1","1","60","60","30","2025","1","1","12+","Unplayable in another language","","","","","","standalone","","","","","","","","","","","","","","",""
"20 Strong: Tanglewoods White","424850","0","0","0","1","0","0","0","0","0","0","0","3","","1 Player 
30-40 Minutes
Requires core box 
C-C-4","","","","147962420","5.62626","7.49381","2.6667","0","2712","thing","20 Strong: Tanglewoods White","1","1","60","60","40","2025","1","1","12+","","","","","","","expansion","","","","","","","","","","","","","","",""
"25 Outlaws","283544","0","0","0","1","0","0","0","0","0","0","0","3","","","","","","140311742","5.48631","5.37094","2.5","28764","494","thing","25 Outlaws","2","5","0","0","0","2019","","","","","","","","","","standalone","","","","","","","","","","","","","","",""
"3D Labyrinth","274205","0","0","0","1","0","0","0","0","0","0","0","3","","","","","","140198974","5.54482","6.30484","1.4286","14072","474","thing","3D Labyrinth","2","4","30","30","20","2019","2,3,4","2","8+","","","","","","","standalone","","","","","","","","","","","","","","",""
"5-Minute Mystery","294514","0","0","0","1","0","0","0","0","0","0","0","3","","1-6 Players
5-30 min 
S-3-1","","","","142315719","6.24237","6.9593","1.1633","2078","6812","thing","5-Minute Mystery","1","6","30","30","5","2020","1,2,3,4","3","6+","Some necessary text - easily memorized or small crib sheet","","","","","","standalone","","","","","","","","","","","","","","",""
"7 Wonders Dice","446231","7.8","1","0","1","0","0","0","0","0","0","0","2","","2 - 7 Players
25 - 30 Minutes
C-B-2

Average roll and write but it’s reuseable plus it gives you a different way to roll dice","","","","139486742","5.89563","6.43117","2.1111","3937","2643","thing","7 Wonders Dice","2","7","30","30","25","2025","2,3,4,5,6,7","3,4,5","8+","No necessary in-game text","","","","","","standalone","","","","","","","","","","","","","","",""
"7 Wonders Duel","173346","7.3","1","0","1","0","0","0","0","0","0","0","3","","2 players
30 Minutes
C-B-4

Good game. Easy to learn.  Some win conditions are too easy.  

Edit: 9/14 -after playing many games it feels like a watered down version of lord of the rings duel, I would suggest that game over 7 wonders duel.","","","","135496171","7.9505","8.07533","2.2272","24","186091","thing","7 Wonders Duel","2","2","30","30","30","2015","2","2","10+","No necessary in-game text","","","","","","standalone","","","","","","","","","","","","","","",""
"The 7th Continent","180263","0","0","0","1","0","0","0","0","0","0","0","3","","","","","","146488013","7.41284","7.72454","2.8969","168","38899","thing","The 7th Continent","1","4","1000","1000","5","2017","1,2","1,2","12+","Extensive use of text - massive conversion needed to be playable","","","","","","standalone","","","","","","","","","","","","","","",""
"Abducktion","368609","0","0","0","1","0","0","0","0","0","0","0","3","","1 - 4 players
15 Min 
S-2-3","","","","135499814","6.04467","6.89543","1.38","2969","5537","thing","Abducktion","1","4","15","15","15","2023","2,3","2","8+","Moderate in-game text - needs crib sheet or paste ups","","","","","","standalone","","","","","","","","","","","","","","",""
"Above and Below","172818","0","0","0","1","0","0","0","0","0","0","0","3","","2-4 Players
90 Minutes
S-1-4","","","","137223616","7.06492","7.33973","2.5129","430","27385","thing","Above and Below","2","4","90","90","90","2015","2,3,4","3","10+","Extensive use of text - massive conversion needed to be playable","","","","","","standalone","","","","","","","","","","","","","","",""
"Acquire","5","8.5","1","0","1","0","0","0","0","0","0","0","3","","2-6 Players
90 Min 
B-A-2

A rare find a game that plays great at 6","","","","146488185","7.12852","7.35648","2.4877","367","30454","thing","Acquire","2","6","90","90","90","1963","3,4,5,6","4","12+","No necessary in-game text","","","","","","standalone","","","","","","","","","","","","","","",""
"Adulthood","416780","7.8","1","0","1","0","0","0","0","0","0","0","3","","1-4 players 
45 minutes 
B-A-1

Hand management worker placement
Better version of life once you get near the end of the game you have more time that gets wasted","","","","138693872","5.68694","7.07568","2.3","6644","852","thing","Adulthood","1","4","45","45","45","2024","1,2,3,4","4","12+","","","","","","","standalone","","","","","","","","","","","","","","",""
"Adulthood: Pet Projects","448394","0","0","0","1","0","0","0","0","0","0","0","3","","expansion","","","","139487224","0","7.65","0","0","215","thing","Adulthood: Pet Projects","1","4","45","45","45","2025","","","","","","","","","","expansion","","","","","","","","","","","","","","",""
"Aethermon: Collect","388721","0","0","0","1","0","0","0","0","0","0","0","3","","2 - 4 players","","","","135497384","5.53324","6.55857","1.25","16074","258","thing","Aethermon: Collect","2","4","20","20","10","2023","1,2,3,4","1","8+","No necessary in-game text","","","","","","standalone","","","","","","","","","","","","","","",""
"Aetherspire","423020","0","0","0","1","0","0","0","0","0","0","0","3","","1 - 4 players
45 - 60 minutes
S-1-1","","","","139484454","5.51872","7.57812","2.3333","19998","98","thing","Aetherspire","1","4","60","60","45","2025","1,2,3,4","2","10+","","","","","","","standalone","","","","","","","","","","","","","","",""
"After Us","369548","0","0","0","1","0","0","0","0","0","0","0","3","","1 - 6 players
40 - 60 min
S-1-3","","","","139485668","6.22066","6.7781","2.043","2175","4276","thing","After Us","1","6","60","60","40","2023","2,3,4,5","3","10+","No necessary in-game text","","","","","","standalone","","","","","","","","","","","","","","",""
"Age of Wonders: Planetfall","353848","0","0","0","1","0","0","0","0","0","0","0","3","","2-6 players
20-40 mim
S-3-1","","","","147552673","5.69907","7.02475","2.1176","6373","595","thing","Age of Wonders: Planetfall","2","6","40","40","20","2022","2,3,4,5,6","3,4","10+","","","","","","","standalone","","","","","","","","","","","","","","",""
"Agent Avenue","422732","7.5","2","0","1","0","0","0","0","0","0","0","3","","2 players
10-15 Minutes
C-B-4","","","","137957073","6.98081","7.51857","1.2151","524","13512","thing","Agent Avenue","2","4","20","20","10","2024","2,4","2","8+","Moderate in-game text - needs crib sheet or paste ups","","","","","","standalone","","","","","","","","","","","","","","",""
"Aggretsuko Office Rage Card Game","360088","0","0","0","1","0","0","0","0","0","0","0","3","","2 - 4 players","","","","135496892","0","3.75","0","0","18","thing","Aggretsuko Office Rage Card Game","2","5","30","30","30","2019","","","","","","","","","","standalone","","","","","","","","","","","","","","",""
"Agricola","31260","0","0","0","1","0","0","0","0","0","0","0","3","","1 - 5 players
30 - 150 min
S-2-3","","","","139487198","7.72175","7.85558","3.6355","64","90612","thing","Agricola","1","5","150","150","30","2007","1,2,3,4,5","3,4","12+","Extensive use of text - massive conversion needed to be playable","","","","","","standalone","","","","","","","","","","","","","","",""
"Agricola (Revised Edition)","200680","0","0","0","1","0","0","0","0","0","0","0","3","","1 - 4 players
30 - 120 minutes 
Farming worker placement","","","","138695456","7.64929","7.95337","3.4489","86","29572","thing","Agricola (Revised Edition)","1","4","120","120","30","2016","1,2,3,4","3,4","12+","Extensive use of text - massive conversion needed to be playable","","","","","","standalone","","","","","","","","","","","","","","",""
"Águeda: City of Umbrellas","317515","0","0","0","1","0","0","0","0","0","0","0","3","","1 - 5 players
20 - 40 min
S-1-3","","","","139485620","5.74432","6.86834","1.7059","5574","1506","thing","Águeda: City of Umbrellas","1","5","40","40","20","2024","1,2,3,4","3,4","","Some necessary text - easily memorized or small crib sheet","","","","","","standalone","","","","","","","","","","","","","","",""
"Air, Land, and Sea: Critters at War","247367","0","0","0","1","0","0","0","0","0","0","0","3","","2 Players
20 Minutes
C-B-4","","","","147977806","7.06934","7.4368","1.7337","424","21463","thing","Air, Land, & Sea","2","2","20","20","20","2021","2","2","8+","Some necessary text - easily memorized or small crib sheet","","","","","","standalone","","","","","","","","","","","","Arcane Wonders","English","2021","English edition"
"Akrotiri","154458","0","0","0","1","0","0","0","0","0","0","0","3","","2 players
45 minutes 
C-B-4","","","","139482287","6.59995","7.14849","2.6382","1107","8271","thing","Akrotiri","2","2","45","45","45","2014","2","2","12+","No necessary in-game text","","","","","","standalone","","","","","","","","","","","","","","",""
"Alice's Garden","298635","0","0","0","1","0","0","0","0","0","0","0","3","","1-4 Players
30-45 Min
C-C-1","","","","147999497","6.13023","7.10592","1.4407","2536","3749","thing","Alice's Garden","1","4","45","45","30","2020","1,2,3,4","3,4","8+","No necessary in-game text","","","","","","standalone","","","","","","","","","","","","","","",""
"ALIEN: Fate of the Nostromo","332321","7.7","1","0","1","0","0","0","0","0","0","0","3","","2 -5 player
60 minutes
S-1-4","","","","138386990","6.31309","7.05607","1.9407","1830","8819","thing","ALIEN: Fate of the Nostromo","1","5","60","60","45","2021","1,2,3,4,5","3","10+","Moderate in-game text - needs crib sheet or paste ups","","","","","","standalone","","","","","","","","","","","","","","",""
"Almost Innocent","359838","0","0","0","1","0","0","0","0","0","0","0","3","","2 - 5 players
30 - 45 min
S-1-2","","","","139485880","5.81104","7.19114","1.9231","4704","1506","thing","Almost Innocent","2","5","45","45","30","2023","2,3,4,5","3","10","","","","","","","standalone","","","","","","","","","","","","","","",""
"Alpaca","391045","0","0","0","1","0","0","0","0","0","0","0","3","","2 - 4 players
30 minutes
C-B-1","","","","139484170","5.66309","6.48664","1.8333","7188","1439","thing","Alpaca","2","4","30","30","30","2023","2,3,4","3","10+","Some necessary text - easily memorized or small crib sheet","","","","","","standalone","","","","","","","","","","","","","","",""
"Anarchy Pancakes","390151","0","0","0","1","0","0","0","0","0","0","0","3","","2 - 6 players","","","","135496586","5.4944","5.55674","1","27474","1619","thing","Anarchy Pancakes","2","6","5","5","5","2023","2,3,4,5,6","3,4","6+","No necessary in-game text","","","","","","standalone","","","","","","","","","","","","","","",""
"Animal Rescue Team","438214","0","0","0","1","0","0","0","0","0","0","0","3","","","","","","140294980","5.63144","7.21308","2.2","8125","495","thing","Animal Rescue Team","1","4","60","60","45","2025","1,2,3,4","4","8+","Moderate in-game text - needs crib sheet or paste ups","","","","","","standalone","","","","","","","","","","","","","","",""
"Animal Upon Animal: Christmas Edition","304821","7.3","3","0","1","0","0","0","0","0","0","0","3","","2 - 4 players
20 minuts
Dexterity

Fun, cute theme. Fun to play when short on time especially during the Christmas season. Easy game to add house rules to make it a versatile game.","","","","139232303","5.63277","6.98868","1","8082","643","thing","Animal Upon Animal: Christmas Edition","2","4","20","20","20","2020","2,3,4","2,4","","","","","","","","standalone","","","","","","","","","","","","","","",""
"Ape Town","412123","0","0","0","1","0","0","0","0","0","0","0","3","","2-4 players
45-60 Min 
S-2-2","","","","140199086","5.63475","7.28643","2.25","8009","279","thing","Ape Town","2","4","60","60","45","2025","2,3,4","3","10+","No necessary in-game text","","","","","","standalone","","","","","","","","","","","","","","",""
"The Aquicorn Cove Board Game","275100","0","0","0","1","0","0","0","0","0","0","0","3","","2-4 players
30-60 min 
S-3-1","","","","136401958","5.53382","6.03865","2.1111","15970","572","thing","The Aquicorn Cove Board Game","2","4","60","60","30","2019","3,4","4","10","Moderate in-game text - needs crib sheet or paste ups","","","","","","standalone","","","","","","","","","","","","","","",""
"Arboretum","140934","7.9","1","0","1","0","0","0","0","0","0","0","3","","2 - 4 players
30 minutes 
C-B-1

Build your tree farm while having a mix of high and low numbers.","","","","139934136","7.05758","7.24102","2.111","440","43456","thing","Arboretum","2","4","30","30","30","2015","2,3,4","2","10+","No necessary in-game text","","","","","","standalone","","","","","","","","","","","","","","",""
"Arcadia Quest","155068","0","0","0","1","0","0","0","0","0","0","0","3","","2 - 4 player 
60 minutes 
B-A-2

Dungeon competitive","","","","138689707","7.12224","7.58288","2.5361","371","17146","thing","Arcadia Quest","2","4","60","60","60","2014","2,3,4","4","10+","Moderate in-game text - needs crib sheet or paste ups","","","","","","standalone","","","","","","","","","","","","","","",""
"Arcs","359871","0","0","0","1","0","0","0","0","0","0","0","1","","Have minis","","","","135501604","7.59627","7.99583","3.4429","100","30628","thing","Arcs","2","4","120","120","60","2024","2,3,4","3,4","14+","Extensive use of text - massive conversion needed to be playable","","","","","","standalone","","","","","","","","","","","","","","",""
"Ark Nova","342942","9.2","1","0","1","0","0","0","0","0","0","0","3","","2 - 4 player","","","","135538431","8.35341","8.53878","3.7974","2","90583","thing","Ark Nova","1","4","150","150","90","2021","1,2,3","2","14+","Extensive use of text - massive conversion needed to be playable","","","","","","standalone","","","","","","","","","","","","","","",""
"Arkeis","275284","0","0","0","1","0","0","0","0","0","0","0","3","","1 - 5 players
60 min
B-A-2","","","","139485408","5.91325","7.54245","2.0357","3793","2017","thing","Arkeis","1","5","60","60","60","2023","1,2,3,4","4","8+","Extensive use of text - massive conversion needed to be playable","","","","","","standalone","","","","","","","","","","","","Ankama","English","2023","English edition"
"Arkham Horror","15987","0","0","0","1","0","0","0","0","0","0","0","3","","1 - 8 players
120-240 min 
 S-3-4","","","","135498841","7.018","7.24044","3.586","487","55894","thing","Arkham Horror","1","8","240","240","120","2005","1,2,3,4,5,6","4","14+","Extensive use of text - massive conversion needed to be playable","","","","","","standalone","","","","","","","","","","","","","","",""
"Arkham Horror: Lovecraft Letter","424784","0","0","0","1","0","0","0","0","0","0","0","3","","","","","","147069345","6.1837","7.46116","1.4194","2308","4546","thing","Arkham Horror: Lovecraft Letter","2","6","20","20","15","2025","3,4,5,6","4","10+","Some necessary text - easily memorized or small crib sheet","","","","","","standalone","","","","","","","","","","","","","","",""
"Arschmallows","394430","0","0","0","1","0","0","0","0","0","0","0","3","","2 - 6 players","","","","136095860","5.58907","6.33046","1.1667","10065","1372","thing","Arschmallows","2","6","45","45","15","2023","2,3,4,5,6","4,5","8","","","","","","","standalone","","","","","","","","","","","","","","",""
"Art Society","395375","0","0","0","1","0","0","0","0","0","0","0","3","","2 - 4 players
30 - 60 min
S-2-4","","","","139485639","6.65159","7.47173","1.8679","1003","7459","thing","Art Society","2","4","60","60","30","2023","2,3,4","4","10+","No necessary in-game text","","","","","","standalone","","","","","","","","","","","","","","",""
"Assault on the Castle","254147","0","0","0","1","0","0","0","0","0","0","0","3","","2 - 4 players","","","","135497234","5.51014","6.28571","1","22942","124","thing","Assault on the Castle","2","5","30","30","15","2018","","","","Some necessary text - easily memorized or small crib sheet","","","","","","standalone","","","","","","","","","","","","","","",""
"Azul: Master Chocolatier","363247","8.5","1","0","1","0","0","0","0","0","0","0","3","","2-4 players
30-45 min 
S-3-2","","","","135850460","6.82851","7.85098","1.7889","726","8298","thing","Azul: Master Chocolatier","2","4","45","45","30","2022","2,3,4","2,3","8+","No necessary in-game text","","","","","","standalone","","","","","","","","","","","","","","",""
"Banana Bandits","206540","0","0","0","1","0","0","0","0","0","0","0","3","","2 - 4 players","","","","135498446","5.48224","5.39863","1.625","29211","745","thing","Banana Bandits","2","4","40","40","25","2016","3,4","4","8–12","Some necessary text - easily memorized or small crib sheet","","","","","","standalone","","","","","","","","","","","","","","",""
"Bananarchy","460055","8","3","0","1","0","0","0","0","0","0","0","3","","3 - 8 player
20 - 40 minutes
C-A-5
Bananarchy is quick to learn and thrives on constant player interaction. It kept my whole family involved from start to finish, with plenty of sudden turnarounds. A great fit for groups that enjoy lively, unpredictable games.","","","","141949966","0","7.5","1","0","16","thing","Bananarchy","3","8","40","40","20","2026","","","10","","","","","","","standalone","","","","","","","","","","","","(Self-Published)","English","2026","English edition"
"Bärenpark","219513","8.2","2","0","1","0","0","0","0","0","0","0","3","","2 - 4 players
30 - 45 minutes
Cute tile layer, quick all about bears.","","","","139484377","7.06658","7.27165","1.657","429","28368","thing","Bärenpark","2","4","45","45","30","2017","2,3,4","4","6+","No necessary in-game text","","","","","","standalone","","","","","","","","","","","","","","",""
"Battle Bake","419136","0","0","0","1","0","0","0","0","0","0","0","3","","","","","","147069300","0","7.28571","0","0","55","thing","Battle Bake","2","6","60","60","35","2024","","","","","","","","","","standalone","","","","","","","","","","","","","","",""
"Battleship Command: Pirates of the Caribbean","24009","0","0","0","1","0","0","0","0","0","0","0","3","","2 players
30 minutes
C-A-2","","","","135500274","5.48478","5.20246","1.1818","28943","377","thing","Battleship Command: Pirates of the Caribbean","2","2","30","30","30","2006","2","2","8+","No necessary in-game text","","","","","","standalone","","","","","","","","","","","","","","",""
"Bayou Boss","456547","0","0","0","1","0","0","0","0","0","0","0","3","","","","","","142315754","5.52069","6.63462","2","19365","105","thing","Bayou Boss","2","8","45","45","45","2026","3,4,5,6,7","4,5,6","12+","","","","","","","standalone","","","","","","","","","","","","","","",""
"Beacon Patrol","362976","8","7","0","1","0","0","0","0","0","0","0","3","","1-4 Players
20 Min 
C-B-1","","","","136187930","6.30553","7.06797","1.4286","1867","6529","thing","Beacon Patrol","1","4","30","30","30","2023","1,2,3,4","2","8+","No necessary in-game text","","","","","","standalone","","","","","","","","","","","","","","",""
"Beacon Patrol: Ships & Shores","417618","8.1","1","0","1","0","0","0","0","0","0","0","3","","expansion
C-B-1

A must adds so much depth to the base game","","","","139487157","5.67009","7.8","1.75","0","1450","thing","Beacon Patrol: Ships & Shores","1","4","40","40","40","2024","2,3,4","2,4","8+","No necessary in-game text","","","","","","expansion","","","","","","","","","","","","","","",""
"Beasts","448416","0","0","0","1","0","0","0","0","0","0","0","3","","2 - 5 players
20 - 30 minutes
C-B-1","","","","139484037","5.62831","6.95871","1.5","8232","492","thing","Beasts","2","5","30","30","20","2025","1,2,3,4,5","3","","No necessary in-game text","","","","","","standalone","","","","","","","","","","","","","","",""
"Beasts of Balance: Battles Edition","275259","0","0","0","1","0","0","0","0","0","0","0","3","","1-5 players
30 min 
S-3-3","","","","148059076","5.53161","6.78159","2","0","245","thing","Beasts of Balance: Battles Edition","1","5","30","30","30","2019","2,3,4","2,3","8+","","","","","","","standalone","","","","","","","","","","","","","","",""
"Beer & Bread","369880","8.2","1","0","1","0","0","0","0","0","0","0","3","","2 Players
30-40 min
C-B-4","","","","140198961","6.82145","7.29884","2.3568","736","14643","thing","Beer & Bread","2","2","45","45","30","2022","2","2","10+","Moderate in-game text - needs crib sheet or paste ups","","","","","","standalone","","","","","","","","","","","","","","",""
"Between Two Castles of Mad King Ludwig","258036","0","0","0","1","0","0","0","0","0","0","0","4","","2-7 players
45-60 min 
S-3-3","","","","139293947","6.78247","7.21647","2.1847","785","11853","thing","Between Two Castles of Mad King Ludwig","2","7","60","60","45","2018","3,4,5,6,7","6","10+","No necessary in-game text","","","","","","standalone","","","","","","","","","","","","","","",""
"Beyond Baker Street","168681","0","0","0","1","0","0","0","0","0","0","0","3","","2 - 4 players
30 Min 
C-B-1","","","","135496702","6.13992","6.7994","2.1667","2492","4204","thing","Beyond Baker Street","2","4","30","30","30","2016","2,3,4","2,4","10+","Some necessary text - easily memorized or small crib sheet","","","","","","standalone","","","","","","","","","","","","","","",""
"The Binding of Isaac: Four Souls","255664","7.75","1","0","1","0","0","0","0","0","0","0","3","","2 - 4 players
30-60 Min 
B-A-3

Can be slow to start with 2 players. Still fun best with 3/4.  Liked the video game theme, captures it well. First edition needs better health tracking","","","","135496809","6.07426","6.95604","2.0424","2804","7884","thing","The Binding of Isaac: Four Souls","2","4","60","60","30","2018","2,3,4","3","12+","Extensive use of text - massive conversion needed to be playable","","","","","","standalone","","","","","","","","","","","","Studio71","English","2018","English first retail edition"
"The Binding of Isaac: Four Souls – Ultimate Collector's Edition","378890","8","2","0","1","0","0","0","0","0","0","0","3","","1-4 players
30-60 Min 
B-A-3","","","","136473871","5.78856","7.88738","2.7692","0","1952","thing","The Binding of Isaac: Four Souls – Ultimate Collector's Edition","1","4","60","60","30","2023","2,3,4","4","12+","","","","","","","standalone","","","","","","","","","","","","","","",""
"Biome","382549","0","0","0","1","0","0","0","0","0","0","0","3","","1 - 4 players
60 - 90 min
S-1-2","","","","139486751","5.93714","7.4918","2.5946","3613","1951","thing","Biome","1","4","90","90","60","2024","2,3,4","2,3","10+","Extensive use of text - massive conversion needed to be playable","","","","","","standalone","","","","","","","","","","","","","","",""
"Birds of a Feather: Western North America","358000","7.75","2","0","1","0","0","0","0","0","0","0","3","","1 - 7 players

wonderful art, amazing for bird lovers, super simple to learn, and quick to play a fun filler game.","","","","135497154","5.66931","6.89495","1.25","7051","919","thing","Birds of a Feather: Western North America","1","7","30","30","15","2022","2,3,4,5,6,7","4","5+","","","","","","","standalone","","","","","","","","","","","","","","",""
"Bite Me","455060","0","0","0","1","0","0","0","0","0","0","0","3","","3 - 5 Players
15 - 30 minutes
C-A-5","","","","147994940","0","6.23529","0","0","51","thing","Bite Me","3","5","30","30","15","2025","","","","","","","","","","standalone","","","","","","","","","","","","","","",""
"Blazon","311610","0","0","0","1","0","0","0","0","0","0","0","3","","","","","","146488525","5.70303","6.75992","2.2143","6295","1443","thing","Blazon","1","4","60","60","30","2023","2,3,4","2","10+","","","","","","","standalone","","","","","","","","","","","","","","",""
"Blob Party","382828","0","0","0","1","0","0","0","0","0","0","0","3","","4-8 players
15 minutes
C-B-5","","","","142316054","5.68317","6.92474","1.1429","6732","712","thing","Blob Party","4","8","15","15","15","2023","4,5,6,7,8","6,7,8","8+","","","","","","","standalone","","","","","","","","","","","","","","",""
"Bloc by Bloc: Uprising","356768","0","0","0","1","0","0","0","0","0","0","0","3","","1 - 4 Players
60 - 120 Minutes
C-B-2","","","","146873667","5.85771","7.23939","2.5789","4243","1862","thing","Bloc by Bloc: Uprising","1","4","120","120","60","2022","1,2,3,4","4","10+","Moderate in-game text - needs crib sheet or paste ups","","","","","","standalone","","","","","","","","","","","","","","",""
"Block and Key","311930","0","0","0","1","0","0","0","0","0","0","0","1","","1-4 Players
20-40Min 
S-1-3","","","","139295026","5.91589","6.98198","1.75","3767","2595","thing","Block and Key","1","4","40","40","20","2022","1,2,3,4","4","8+","No necessary in-game text","","","","","","standalone","","","","","","","","","","","","","","",""
"Blockbuster","272438","0","0","0","1","0","0","0","0","0","0","0","3","","4 - 10 players
30 - 60 min
C-B-5","","","","139485979","5.92155","6.54812","1.087","3719","5862","thing","Blockbuster","4","10","60","60","30","2019","4,6,7,8,9,10","6,8","14+","Moderate in-game text - needs crib sheet or paste ups","","","","","","standalone","","","","","","","","","","","","","","",""
"Blockbuster: New Movie Hero Round","436238","0","0","0","1","0","0","0","0","0","0","0","3","","Players 4+","","","","135496434","0","7.28571","1","0","79","thing","Blockbuster: New Movie Hero Round","4","99","0","0","0","2023","4,6,7,8,9,10,11,12","6,8,9,10","","","","","","","","standalone","","","","","","","","","","","","","","",""
"Bloomchasers: A Delightful 3D Tree Game of Flowers and Wits","419230","7.75","1","0","1","0","0","0","0","0","0","0","3","","1 -4 players

A delightful game that is 3d in which you build a blossoming tree full of color.","","","","136060986","5.61454","6.8001","1.75","8769","1083","thing","Bloomchasers: A Delightful 3D Tree Game of Flowers and Wits","1","6","45","45","20","2025","3,4","3,4","8+","Moderate in-game text - needs crib sheet or paste ups","","","","","","standalone","","","","","","","","","","","","","","",""
"Bloomchasers: Birds and Bees Expansion Deck","444925","0","0","0","1","0","0","0","0","0","0","0","3","","Expansion","","","","136087482","5.5257","7.54359","0","0","465","thing","Bloomchasers: Birds and Bees Expansion Deck","1","6","0","0","0","2025","","","","","","","","","","expansion","","","","","","","","","","","","","","",""
"BLORP!","465047","7.8","1","0","1","0","0","0","0","0","0","0","3","","Cute tile layer","","","","146791402","5.5114","6.69375","0","22486","71","thing","BLORP!","2","6","30","30","20","2026","","","","","","","","","","standalone","","","","","","","","","","","","","","",""
"Blueprints of Mad King Ludwig","376610","7.8","0","0","1","0","0","0","0","0","0","0","3","","1 - 5 players
60 minutes
S-1-3

Writing tile 

Like the tracing ability with the cards and the paper but I still would rather have white boards and dry erase markers. Fun, but when I opened the box my pencil sharpener was partly melted onto the eraser and rule book.","","","","139213796","5.88415","7.34689","2.8182","4028","1922","thing","Blueprints of Mad King Ludwig","1","5","60","60","60","2024","1,2,3,4,5","4","10+","","","","","","","standalone","","","","","","","","","","","","","","",""
"Boblin's Rebellion","370399","0","0","0","1","0","0","0","0","0","0","0","3","","1- 4 players","","","","135497352","5.54723","7.15","2.5","13744","282","thing","Boblin's Rebellion","1","4","40","40","30","2024","1,2,3,4","1","12+","No necessary in-game text","","","","","","standalone","","","","","","","","","","","","","","",""
"Bomb Busters","413246","8","1","0","1","0","0","0","0","0","0","0","1","","2-5 players
30 Min 
S-3-1","","","","135521855","7.63786","8.03486","2","89","28519","thing","Bomb Busters","2","5","30","30","30","2024","2,3,4,5","4","10+","Moderate in-game text - needs crib sheet or paste ups","","","","","","standalone","","","","","","","","","","","","","","",""
"Bombastic","438845","7.5","6","0","1","0","0","0","0","0","0","0","3","","2 players 
5 min
Push your luck

Great restaurant game","","","","138696734","5.63084","6.72467","1.1667","8142","657","thing","Bombastic","2","2","5","5","5","2025","2","2","6+","Moderate in-game text - needs crib sheet or paste ups","","","","","","standalone","","","","","","","","","","","","","","",""
"Bonsai","366994","7.6","1","1","1","0","0","0","0","0","0","0","3","","1 - 4 players

A tile laying game in which you become a master of the bonsai,each turn you must choose to gather supplies for your bonsai tree or help in mature into the work of art that it will become.","","","","135498331","6.51762","7.16279","1.785","1299","6995","thing","Bonsai","1","4","40","40","40","2023","1,2,3,4","3","8+","No necessary in-game text","","","","","","standalone","","","","","","","","","","","","","","",""
"Bonsai: Vigorous Growth and Specialists","394083","0","0","0","1","0","0","0","0","0","0","0","3","","expansion","","","","139484281","5.53474","6.6487","2.3333","0","745","thing","Bonsai: Vigorous Growth and Specialists","1","4","40","0","40","2023","1,2,3,4","4","8+","","","","","","","expansion","","","","","","","","","","","","","","",""
"Bonsai: Wabi Sabi","422336","0","0","0","1","0","0","0","0","0","0","0","3","","expansion","","","","139484283","5.59177","7.73126","2","0","836","thing","Bonsai: Wabi Sabi","1","5","40","40","40","2024","1,2,3,4,5","4,5","8","","","","","","","expansion","","","","","","","","","","","","","","",""
"Boo-ty Call","362888","0","0","0","1","0","0","0","0","0","0","0","3","","3-8 Players
20 Minutes
C-B-5","","","","147962477","5.49591","5.81897","1","27132","243","thing","Boo-ty Call","3","8","90","90","15","2023","3,4,5,6,7,8","4,5,6,7","","","","","","","","standalone","","","","","","","","","","","","","","",""
"Bookshelf","458571","0","0","0","1","0","0","0","0","0","0","0","3","","","","","","146873702","5.56479","6.90463","1","11846","746","thing","Bookshelf","1","6","20","20","15","2026","1,2","1","8+","","","","","","","standalone","","","","","","","","","","","","","","",""
"BOOM! Patrol","424002","0","0","0","1","0","0","0","0","0","0","0","3","","2 - 4 players
40 - 60 min
S-1-3","","","","139485629","0","6.93103","1","0","171","thing","BOOM! Patrol","2","4","60","60","40","2025","3,4","4","","","","","","","","standalone","","","","","","","","","","","","","","",""
"BOOoop.","383579","7.6","1","0","1","0","0","0","0","0","0","0","3","","2 player
25 minutes
C-B-4","","","","138137457","6.082","7.52888","1.4375","2765","3283","thing","BOOoop.","2","2","35","35","25","2023","2","2","8+","","","","","","","standalone","","","","","","","","","","","","","","",""
"boop the Halls!","417696","0","0","0","1","0","0","0","0","0","0","0","3","","2 players
20 - 30 minutes
C-B-4","","","","139482311","5.72626","7.20737","1.8333","5869","1711","thing","boop the Halls!","2","2","30","30","20","2024","2","2","8","","","","","","","standalone","","","","","","","","","","","","","","",""
"Bosk","252556","0","0","0","1","0","0","0","0","0","0","0","3","","2 - 4 players 
30 - 45 minutes 
Competitive area control","","","","138690210","6.12326","6.80939","2.0364","2567","4976","thing","Bosk","2","4","40","40","20","2019","2,3,4","3","10+","No necessary in-game text","","","","","","standalone","","","","","","","","","","","","","","",""
"Boss Monster: The Dungeon Building Card Game","131835","0","0","0","1","0","0","0","0","0","0","0","3","","2 - 4 players","","","","135496714","6.0777","6.26898","1.8466","2789","40072","thing","Boss Monster: The Dungeon Building Card Game","2","4","30","30","30","2013","2,3,4","4","8+","Moderate in-game text - needs crib sheet or paste ups","","","","","","standalone","","","","","","","","","","","","","","",""
"Botswana","398","0","0","0","1","0","0","0","0","0","0","0","3","","2 - 5 players
20 - 30 minutes
C-B-1","","","","139483943","6.51695","6.9976","1.2755","1301","7405","thing","Botswana","2","5","30","30","20","1994","3,4,5","4","6+","No necessary in-game text","","","","","","standalone","","","","","","","","","","","","","","",""
"Bowling Dice","3934","8","3","0","1","0","0","0","0","0","0","0","3","","","","","","138320458","5.32476","4.59537","1.0256","30933","1494","thing","Bowling Dice","1","10","10","10","10","1999","1,2,3,4","1,2","3+","No necessary in-game text","","","","","","standalone","","","","","","","","","","","","","","",""
"Boxtop Pinball: Haunted House","417629","8","2","0","1","0","0","0","0","0","0","0","3","","2 - 4 

Overall fun! Everyone can play. Wish it had a reusable score tracker and baggies for the punchouts.
 ","","","","135499751","5.67395","6.99818","1","6941","715","thing","Boxtop Pinball: Haunted House","1","4","30","30","15","2024","2,3,4","4","8+","No necessary in-game text","","","","","","standalone","","","","","","","","","","","","","","",""
"Brass: Birmingham","224517","0","0","0","1","0","0","0","0","0","0","0","3","","2-4 players
60-120 min 
S-3-3","","","","136185390","8.39065","8.56074","3.86","1","85513","thing","Brass: Birmingham","2","4","120","120","60","2018","2,3,4","3,4","14+","No necessary in-game text","","","","","","standalone","","","","","","","","","","","","","","",""
"Brew","332386","0","0","0","1","0","0","0","0","0","0","0","3","","2 - 4 players","","","","135642348","6.45096","7.01432","2.4519","1453","9340","thing","Brew","2","4","90","90","45","2021","2,3,4","3","8+","Moderate in-game text - needs crib sheet or paste ups","","","","","","standalone","","","","","","","","","","","","","","",""
"Brick Like This!","439310","0","0","0","1","0","0","0","0","0","0","0","3","","2-8 players
15 minutes
C-B-5","","","","137223555","5.70231","6.62998","1.25","6309","1978","thing","Brick Like This!","2","8","15","0","15","2025","4,6,8","4","6+","No necessary in-game text","","","","","","standalone","","","","","","","","","","","","","","",""
"Bridgerton: The High Society Game","394286","10","0","0","1","0","0","0","0","0","0","0","3","","3 - 6 players
30 minutes
C-B-5","","","","135500025","5.49654","5.31818","2","26984","193","thing","Bridgerton: The High Society Game","3","6","30","30","30","2023","4,5,6","5,6","","","","","","","","standalone","","","","","","","","","","","","","","",""
"Brink","415078","0","0","0","1","0","0","0","0","0","0","0","3","","2-5 Players
60-150 Min 
C-A-1","","","","147552439","5.9269","7.55406","3.16","3677","1991","thing","Brink","2","5","150","150","60","2025","3,4,5","5","14","","","","","","","standalone","","","","","","","","","","","","IV Studio","English","2025","English deluxe edition"
"Brink: Bonus Hexes Vol 1","454230","0","0","0","1","0","0","0","0","0","0","0","3","","Expansion 
C-A-1","","","","148000132","0","8.28571","0","0","130","thing","Brink: Bonus Hexes Vol 1","2","5","0","0","0","2025","","","","","","","","","","expansion","","","","","","","","","","","","","","",""
"Brink: Community Cards Vol 1","451782","0","0","0","1","0","0","0","0","0","0","0","3","","Expansion 
C-A-1","","","","148000141","0","8.5","0","0","171","thing","Brink: Community Cards Vol 1","2","5","150","150","60","2025","","","","","","","","","","expansion","","","","","","","","","","","","","","",""
"Broom Service","172308","0","0","0","1","0","0","0","0","0","0","0","3","","2 - 5 players
30 - 75 min
C-B-5","","","","139486054","6.86506","7.17492","2.3864","667","18007","thing","Broom Service","2","5","75","75","30","2015","2,3,4,5","4","10+","Some necessary text - easily memorized or small crib sheet","","","","","","standalone","","","","","","","","","","","","","","",""
"Bugs in the Kitchen","137909","8","1","0","1","0","0","0","0","0","0","0","3","","","","","","143817842","5.74367","6.01372","1.0526","5586","4919","thing","Bugs in the Kitchen","2","4","20","20","15","2013","2,3,4","4","5+","No necessary in-game text","","","","","","standalone","","","","","","","","","","","","","","",""
"Bunny Kingdom","184921","7.9","1","0","1","0","0","0","0","0","0","0","3","","2-4 players
40-60 min 
S-3-2","","","","139934123","7.10507","7.40585","2.2984","391","21566","thing","Bunny Kingdom","2","4","60","60","40","2017","2,3,4","3,4","10+","Moderate in-game text - needs crib sheet or paste ups","","","","","","standalone","","","","","","","","","","","","","","",""
"burncycle","322656","0","0","0","1","0","0","0","0","0","0","0","3","","","","","","146488375","6.41259","7.89748","4.0783","1559","3870","thing","burncycle","1","4","180","180","45","2022","1,2,3","1,2","12+","Moderate in-game text - needs crib sheet or paste ups","","","","","","standalone","","","","","","","","","","","","","","",""
"Café Baras","406498","8","1","0","1","0","0","0","0","0","0","0","3","","2 - 4 Players
30 minutes
C-B-2","","","","142821890","6.12129","7.21699","1.9459","2583","4189","thing","Café Baras","2","4","30","30","30","2024","2,3,4","2,3","8+","Moderate in-game text - needs crib sheet or paste ups","","","","","","standalone","","","","","","","","","","","","","","",""
"Camel Up: The Card Game","378848","0","0","0","1","0","0","0","0","0","0","0","3","","","","","","143428074","5.71123","6.77669","2.0588","6125","2209","thing","Camel Up: The Card Game","2","6","45","45","30","2023","2,3,4,5,6","4","8+","","","","","","","standalone","","","","","","","","","","","","","","",""
"Camp Grizzly: Second Edition","449895","0","0","0","1","0","0","0","0","0","0","0","3","","1-6 Players
60-90 Min 
S-2-4","","","","147550083","5.61749","8.24365","2.5","0","812","thing","Camp Grizzly: Second Edition","1","6","90","90","60","2026","1,2,3,4,5,6","3","14+","","","","","","","standalone","","","","","","","","","","","","","","",""
"Campy Creatures: Volume 1 (Third Edition)","448446","0","0","0","1","0","0","0","0","0","0","0","3","","","","","","136095703","5.563","7.06058","2","11991","438","thing","Campy Creatures: Volume 1 (Third Edition)","2","5","30","30","20","2025","4,5","4","","Moderate in-game text - needs crib sheet or paste ups","","","","","","standalone","","","","","","","","","","","","","","",""
"Canvas","290236","9","5","0","1","0","0","0","0","0","0","0","3","","","","","","137223737","6.92107","7.18777","1.7309","604","32894","thing","Canvas","1","5","30","30","30","2021","1,2,3,4,5","3,4","8+","Some necessary text - easily memorized or small crib sheet","","","","","","standalone","","","","","","","","","","","","","","",""
"Canvas Critters","414603","7.7","1","0","1","0","0","0","0","0","0","0","3","","2 - 6 players
15-30 Min 
C-B-1

Best at 3 and up, 2 player rules are lackluster 
Make beautiful paints with animal meeples relaxing family game","","","","140072682","5.52488","7.01321","1.25","18095","182","thing","Canvas Critters","2","6","30","30","15","2025","2,3,4,5,6","4","8+","","","","","","","standalone","","","","","","","","","","","","","","",""
"Canvas: Finishing Touches – Deluxe Edition","409863","0","1","0","1","0","0","0","0","0","0","0","3","","","","","","137857023","5.67012","8.13782","2","0","2493","thing","Canvas: Finishing Touches – Deluxe Edition","1","5","30","30","30","2023","2,3,4","3","10+","Some necessary text - easily memorized or small crib sheet","","","","","","expansion","","","","","","","","","","","","","","",""
"Canvas: Reflections","335172","0","3","0","1","0","0","0","0","0","0","0","3","","","","","","137857037","6.29777","7.65449","2.037","0","8235","thing","Canvas: Reflections","1","5","30","30","30","2022","1,2,3,4,5","3,4","8+","Some necessary text - easily memorized or small crib sheet","","","","","","expansion","","","","","","","","","","","","","","",""
"Captain Flip","393325","0","0","0","1","0","0","0","0","0","0","0","3","","2-5 players
20 min 
S-2-2","","","","142316116","6.72799","7.15603","1.2074","871","9909","thing","Captain Flip","2","5","20","20","20","2024","2,3,4,5","3","6+","No necessary in-game text","","","","","","standalone","","","","","","","","","","","","","","",""
"Carcassonne Big Box 7","364405","8.5","1","0","1","0","0","0","0","0","0","0","3","","","","","","137843380","6.38014","8.23332","1.9615","0","5096","thing","Carcassonne Big Box 7","2","6","35","35","35","2021","2,3,4,5","2,3,4","8+","","","","","","","standalone","","","","","","","","","","","","","","",""
"Carcassonne: Hunters and Gatherers","4390","0","0","0","1","0","0","0","0","0","0","0","3","","","","","","146898794","6.8475","7.13048","1.9221","693","19561","thing","Carcassonne: Hunters and Gatherers","2","5","40","40","35","2002","2,3,4,5","2,3","8+","No necessary in-game text","","","","","","standalone","","","","","","","","","","","","","","",""
"Carcassonne: Safari","256065","0","0","0","1","0","0","0","0","0","0","0","3","","2 - 5 players
35 min
Tile laying","","","","138696852","5.95513","6.99593","1.8148","3487","2979","thing","Carcassonne: Safari","2","5","35","35","35","2018","2,3,4,5","4","8+","No necessary in-game text","","","","","","standalone","","","","","","","","","","","","","","",""
"Cards Against Humanity","50381","0","0","0","1","0","0","0","0","0","0","0","3","","4 - 10 Players
30 minutes
C-A-5","","","","135500746","5.52733","5.69847","1.1716","17459","57041","thing","Cards Against Humanity","4","30","30","30","30","2009","4,5,6,7,8,9,10","6,7,8","16+","Extensive use of text - massive conversion needed to be playable","","","","","","standalone","","","","","","","","","","","","","","",""
"A Carnivore Did It!","451594","0","0","0","1","0","0","0","0","0","0","0","3","","","","","","146488059","5.83475","7.12508","1.7692","4461","1865","thing","A Carnivore Did It!","1","5","20","20","20","2025","1,2","1","10+","Moderate in-game text - needs crib sheet or paste ups","","","","","","standalone","","","","","","","","","","","","","","",""
"Cascadito","401217","7","1","0","1","0","0","0","0","0","0","0","3","","1-4 players","","","","142315566","5.67969","6.4995","1.8","6809","1458","thing","Cascadito","1","4","45","45","30","2024","1,2,3,4","2,3","12+","No necessary in-game text","","","","","","standalone","","","","","","","","","","","","","","",""
"Casting Shadows: Exclusive Edition","365761","0","0","0","1","0","0","0","0","0","0","0","3","","2 - 4 players
30 - 60 min","","","","139485889","5.62647","6.72613","2.2222","0","2102","thing","Casting Shadows: Exclusive Edition","2","4","60","60","30","2023","3,4","4","8+","Moderate in-game text - needs crib sheet or paste ups","","","","","","standalone","","","","","","","","","","","","","","",""
"Castle Combo","416851","9","5","0","1","0","0","0","0","0","0","0","3","","2 - 5 players
10-25 Min
C-B-1

fantastic build your kingdom while getting instant rewards while trying to think ahead and lay cards for the end of the game points.","","","","135496777","7.34875","7.67944","1.7374","214","26406","thing","Castle Combo","2","5","25","25","10","2024","2,3,4","2","8+","Some necessary text - easily memorized or small crib sheet","","","","","","standalone","","","","","","","","","","","","","","",""
"Castle Nightingale","462394","0","0","0","1","0","0","0","0","0","0","0","3","","2 Player
30 - 45 minutes
C-B-4","","","","147069292","5.62669","7.70002","2.125","8294","465","thing","Castle Nightingale","2","2","45","45","30","2026","2","2","10+","","","","","","","standalone","","","","","","","","","","","","","","",""
"Castle Party","323614","0","0","0","1","0","0","0","0","0","0","0","3","","2-4 Players
30 min 
C-B-1","","","","136061126","5.75405","6.63929","1.7778","5423","1935","thing","Castle Party","2","4","30","30","30","2021","2,3,4","3","","No necessary in-game text","","","","","","standalone","","","","","","","","","","","","","","",""
"Castles by the Sea","357841","0","0","0","1","0","0","0","0","0","0","0","3","","1 - 4 players
30 - 60 minutes
S-1-1","","","","139484438","5.71263","6.88237","2.1538","6099","1324","thing","Castles by the Sea","1","4","60","60","30","2023","1,2,3,4","2,3","10+","Moderate in-game text - needs crib sheet or paste ups","","","","","","standalone","","","","","","","","","","","","","","",""
"Castles of Mad King Ludwig","155426","8.5","1","0","1","0","0","0","0","0","0","0","1","","1-4 Players
90 Min 
B-A-1","","","","135517374","7.30505","7.49619","2.6465","236","36229","thing","Castles of Mad King Ludwig","1","4","90","90","90","2014","2,3,4","4","10+","Some necessary text - easily memorized or small crib sheet","","","","","","standalone","","","","","","","","","","","","","","",""
"The Castles of Tuscany","300327","0","0","0","1","0","0","0","0","0","0","0","3","","2 - 4 players
45 - 60 minutes 
S-2-3

Territory building tile placement","","","","138695260","6.5433","7.20937","2.2458","1230","7524","thing","The Castles of Tuscany","2","4","60","60","45","2020","2,3,4","3","10+","No necessary in-game text","","","","","","standalone","","","","","","","","","","","","","","",""
"Cat and the Tower","424751","8.5","2","0","1","0","0","0","0","0","0","0","3","","","","","","143544981","5.93527","7.36212","1.2857","3621","2056","thing","Cat and the Tower","1","5","30","30","15","2024","1,2,3,4,5","2,3,4","8+","Moderate in-game text - needs crib sheet or paste ups","","","","","","standalone","","","","","","","","","","","","","","",""
"Cat in the Box: Deluxe Edition","345972","0","0","0","1","0","0","0","0","0","0","0","3","","2-5 Players
20-40 Min
C-B-1","","","","137223787","7.11441","7.42803","2.0455","378","25012","thing","Cat in the Box: Deluxe Edition","2","5","40","40","20","2022","3,4,5","4","10+","No necessary in-game text","","","","","","standalone","","","","","","","","","","","","","","",""
"Cat-a-comb","380975","0","0","0","1","0","0","0","0","0","0","0","3","","2 Players
15 minutes
C-A-3","","","","142201350","5.61537","7.01258","1.2857","8732","772","thing","Cat-a-comb","2","2","15","15","15","2024","2","2","10","","","","","","","standalone","","","","","","","","","","","","","","",""
"Catacombs Conquest","228553","0","0","0","1","0","0","0","0","0","0","0","3","","","","","","143428084","5.66108","6.66037","1.8571","7240","1171","thing","Catacombs Conquest","2","4","30","30","15","2018","2,4","2","6+","Some necessary text - easily memorized or small crib sheet","","","","","","standalone","","","","","","","","","","","","","","",""
"Catacombs: Wyverns of Wylemuir","224159","0","0","0","1","0","0","0","0","0","0","0","3","","","","","","140148676","5.59878","7.66443","3","0","1163","thing","Catacombs: Wyverns of Wylemuir","2","8","60","60","30","2017","","","","","","","","","","expansion","","","","","","","","","","","","","","",""
"Catan","13","0","0","0","1","0","0","0","0","0","0","0","3","","3 - 4 players","","","","135500161","6.90237","7.0906","2.2808","625","242958","thing","Catan","3","4","120","120","60","1995","3,4","4","8+","Some necessary text - easily memorized or small crib sheet","","","","","","standalone","","","","","","","","","","","","","","",""
"Catch the Moon","218129","8.5","2","0","1","0","0","0","0","0","0","0","4","","1-6 Players
20 Min 
C-A-2","","","","139294884","6.05964","6.74596","1","2890","3652","thing","Catch the Moon","1","6","20","20","20","2017","1,2,3,4,5","3,4","5+","No necessary in-game text","","","","","","standalone","","","","","","","","","","","","","","",""
"Cats Knocking Things Off Ledges","459990","0","0","0","1","0","0","0","0","0","0","0","3","","2-4 Players
15 Min 
C-B-1","","","","142291576","5.56652","6.70378","1.25","11703","459","thing","Cats Knocking Things Off Ledges","2","4","15","15","15","2026","2,3,4","3","8+","","","","","","","standalone","","","","","","","","","","","","","","",""
"Cats vs Cucumbers","437875","7.6","1","0","1","0","0","0","0","0","0","0","3","","","","","","142502765","5.55076","6.64651","1","13259","424","thing","Cats vs Cucumbers","2","5","30","30","15","2025","3,4,5","5","8+","","","","","","","standalone","","","","","","","","","","","","","","",""
"CatStronauts: The Board Game","418145","7.7","1","0","1","0","0","0","0","0","0","0","3","","1 - 4 players
30 - 60 minutes
S-2-3

Fun game with some options to extend play, it’s small enough I think there is a limit to the amount of the games you can play. The plastic components are fantastic but the cards feel like they glue to the board and your damaging the cards to get them out which is a shame because it’s nice board","","","","142294817","0","6.87143","2","0","67","thing","CatStronauts: The Board Game","1","4","30","30","30","2025","","","6–12","","","","","","","standalone","","","","","","","","","","","","","","",""
"Caveman Curling","67453","0","0","0","1","0","0","0","0","0","0","0","3","","2 - 6 players
20 min
C-A-4","","","","135497875","5.65102","6.21576","1.1481","7521","1010","thing","Caveman Curling","2","6","20","20","20","2010","2,4,6","2","5+","No necessary in-game text","","","","","","standalone","","","","","","","","","","","","","","",""
"Charcuterie: The Board Game","360058","0","0","0","1","0","0","0","0","0","0","0","3","","2-6 Players
10-30 min 
S-3-1","","","","147094944","5.71758","6.60721","1.7273","6014","1800","thing","Charcuterie: The Board Game","2","6","30","30","10","2024","2,3,4,5","4","8+","Moderate in-game text - needs crib sheet or paste ups","","","","","","standalone","","","","","","","","","","","","","","",""
"Chicken!","371535","8.3","1","0","1","0","0","0","0","0","0","0","3","","2 - 8 player
Fun push your luck dice roller","","","","138197722","5.93295","6.68186","1.1707","3638","3564","thing","Chicken!","2","8","20","20","10","2023","2,3,4,5,6","4","5+","No necessary in-game text","","","","","","standalone","","","","","","","","","","","","","","",""
"Chimichangas and Tacos","350256","0","0","0","1","0","0","0","0","0","0","0","3","","","","","","143815588","0","6.77273","1","0","98","thing","Chimichangas and Tacos","2","3","20","20","10","2022","2","2","","Some necessary text - easily memorized or small crib sheet","","","","","","standalone","","","","","","","","","","","","","","",""
"Le Chocolat","466907","0","0","0","1","0","0","0","0","0","0","0","3","","2 players
10 Min 
C-B-3","","","","146863685","5.52133","6.226","1","19173","232","thing","Le Chocolat","2","2","10","10","10","2026","2","2","6+","","","","","","","standalone","","","","","","","","","","","","","","",""
"Choose Your Own Adventure: House of Danger","251420","0","0","0","1","0","0","0","0","0","0","0","3","","1+ players","","","","135496626","5.88244","6.2081","1.1905","4042","10894","thing","Choose Your Own Adventure: House of Danger","1","99","60","60","60","2018","1,2,3","1","8+","Extensive use of text - massive conversion needed to be playable","","","","","","standalone","","","","","","","","","","","","","","",""
"Circle the Wagons: Essential Collection","429911","0","0","0","1","0","0","0","0","0","0","0","3","","1 -2 players
15 minutes
C-B-4","","","","139484113","5.5521","7.426","2","0","254","thing","Circle the Wagons: Essential Collection","1","2","15","15","15","2025","1,2","2","","","","","","","","standalone","","","","","","","","","","","","","","",""
"Cities","402676","0","1","0","1","0","0","0","0","0","0","0","3","","","","","","137223591","6.67152","7.27628","1.8865","969","9515","thing","Cities","2","4","45","45","45","2024","2,3,4","4","10+","Some necessary text - easily memorized or small crib sheet","","","","","","standalone","","","","","","","","","","","","","","",""
"The City of Kings","207243","0","0","0","1","0","0","0","0","0","0","0","3","","","","","","147069471","6.46085","7.44476","3.2243","1428","5190","thing","The City of Kings","1","4","180","180","45","2018","1,2,3,4","1","12+","Moderate in-game text - needs crib sheet or paste ups","","","","","","standalone","","","","","","","","","","","","","","",""
"Classified Information","392471","0","0","0","1","0","0","0","0","0","0","0","3","","2 players 
10 - 15 minutes 
C-C-4
Cooperative deduction","","","","138690136","5.5472","6.81739","2","13749","246","thing","Classified Information","2","2","15","15","10","2025","2","2","12+","Extensive use of text - massive conversion needed to be playable","","","","","","standalone","","","","","","","","","","","","","","",""
"Clue: Harry Potter Edition","38026","0","0","0","1","0","0","0","0","0","0","0","3","","3 - 5 players
30 minutes
C-A-5","","","","135499974","5.73779","6.20956","1.5714","5662","5673","thing","Clue: Harry Potter Edition","3","5","30","30","30","2008","3,4,5","4,5","8+","Some necessary text - easily memorized or small crib sheet","","","","","","standalone","","","","","","","","","","","","","","",""
"Codenames: Back to Hogwarts","450782","0","0","0","1","0","0","0","0","0","0","0","2","","4 - 8 Players
15 - 30 minutes
C-A-5","","","","135538546","5.61201","5.88476","1.7619","8894","545","thing","Codenames: Back to Hogwarts","4","8","30","30","15","2025","4,5,6,7,8","4","10+","","","","","","","standalone","","","","","","","","","","","","","","",""
"Codenames: Disney – Family Edition","220775","0","0","0","1","0","0","0","0","0","0","0","3","","2 - 8 players
15 minutes
C-A-5","","","","135498030","6.12181","6.5826","1.2222","2577","11667","thing","Codenames: Disney – Family Edition","2","8","15","15","15","2017","4,5,6,7,8","6","6+","No necessary in-game text","","","","","","standalone","","","","","","","","","","","","","","",""
"Codenames: Harry Potter","249821","0","0","0","1","0","0","0","0","0","0","0","3","","4 - 8 Players
15 minutes
C-A-5","","","","147994855","5.84259","6.45008","1.6087","4395","5185","thing","Codenames: Harry Potter","2","2","15","15","15","2018","2","2","8+","Moderate in-game text - needs crib sheet or paste ups","","","","","","standalone","","","","","","","","","","","","","","",""
"Codenames: Marvel","220774","0","0","0","1","0","0","0","0","0","0","0","3","","2 - 8 players
15 minutes
C-A-5","","","","137223607","5.70489","6.14709","1.2143","6258","4674","thing","Codenames: Marvel","2","8","15","15","15","2017","4,5,6,7,8","6","8+","No necessary in-game text","","","","","","standalone","","","","","","","","","","","","","","",""
"Codenames: Pictures","198773","0","0","0","1","0","0","0","0","0","0","0","3","","2 - 8 players
15 minutes
C-A-5","","","","135498017","6.99658","7.17458","1.2351","509","45805","thing","Codenames: Pictures","2","8","15","15","15","2016","4,5,6,7,8","6","8+","No necessary in-game text","","","","","","standalone","","","","","","","","","","","","","","",""
"Coffee Rush","377061","0","0","0","1","0","0","0","0","0","0","0","3","","","","","","140199044","6.54186","7.09221","1.7891","1234","12600","thing","Coffee Rush","2","4","30","30","30","2023","2,3,4","3","8+","No necessary in-game text","","","","","","standalone","","","","","","","","","","","","","","",""
"Colt Express: Big Box","341504","0","0","0","1","0","0","0","0","0","0","0","3","","2 - 9 players","","","","135499859","6.1166","7.84487","2.1786","0","3134","thing","Colt Express: Big Box","2","9","40","40","40","2022","3,4,5,6,7,8,9","5,6","8+","No necessary in-game text","","","","","","standalone","","","","","","","","","","","","","","",""
"Comic Hunters","322616","0","0","0","1","0","0","0","0","0","0","0","3","","1-4 players
60 Min
C-C-1","","","","146488299","6.55645","7.55961","2.2157","1198","6172","thing","Comic Hunters","1","4","60","60","60","2020","2,3,4","4","10+","No necessary in-game text","","","","","","standalone","","","","","","","","","","","","","","",""
"Compania","436511","7.7","1","0","1","0","0","0","0","0","0","0","3","","1-6 players
60-90 minutes
S-5-2","","","","143328767","5.79012","7.33237","2.8095","4946","954","thing","Compania","1","6","90","90","60","2025","3,4,5,6","5","10+","Some necessary text - easily memorized or small crib sheet","","","","","","standalone","","","","","","","","","","","","","","",""
"Confusing Lands","342200","0","0","0","1","0","0","0","0","0","0","0","3","","","","","","146488256","5.82059","7.21544","1.5556","4603","1654","thing","Confusing Lands","1","2","10","10","10","2024","1,2","2","10+","No necessary in-game text","","","","","","standalone","","","","","","","","","","","","","","",""
"Conquest Princess: Fashion Is Power","383533","0","0","0","1","0","0","0","0","0","0","0","3","","","","","","146873800","5.53886","7.86564","2.6667","15002","147","thing","Conquest Princess: Fashion Is Power","1","4","75","75","40","2024","1,2,3,4","1,4","","","","","","","","standalone","","","","","","","","","","","","","","",""
"Container","453740","0","0","0","1","0","0","0","0","0","0","0","3","","3-5 Players
90 Min
C-B-3","","","","146863688","6.24631","7.92934","2.8298","2062","4385","thing","Container","3","5","90","90","45","2026","4,5","5","12+","No necessary in-game text","","","","","","standalone","","","","","","","","","","","","","","",""
"Core Connection: Rise of Atlantis","267036","0","0","0","1","0","0","0","0","0","0","0","3","","2 - 4 players","","","","135498229","5.52741","6.481","2","17437","244","thing","Core Connection: Rise of Atlantis","2","4","90","90","60","2020","2,3","3","10+","","","","","","","standalone","","","","","","","","","","","","","","",""
"Corgi Pileup","436935","7.3","2","0","1","0","0","0","0","0","0","0","3","","2 - 7 players 
20 minutes 
Trick taking, may the odds be in your favor make it to the top of the corgi dog pile without falling off","","","","138690252","5.51159","5.80321","1","22428","261","thing","Corgi Pileup","2","7","20","20","20","2025","3,4,5,6,7","5,6","","","","","","","","standalone","","","","","","","","","","","","","","",""
"Corinth","269725","8","2","0","1","0","0","0","0","0","0","0","3","","2 - 4 players

Easy fun game, as one friend calls it the paper work game while others feel like real accountants. Great filler game and the creator uploaded the print and play for free.","","","","135496135","6.21799","6.73808","1.6508","2188","6352","thing","Corinth","2","4","30","30","20","2019","2,3,4","3","8+","No necessary in-game text","","","","","","standalone","","","","","","","","","","","","","","",""
"Cosmic Conquest","421203","0","0","0","1","0","0","0","0","0","0","0","3","","2-6 players
45-120 minutes
S-5-1","","","","140312052","5.50192","7.52941","3.5","25596","20","thing","Cosmic Conquest","2","6","120","120","45","2025","2,3,4","3,4","12+","","","","","","","standalone","","","","","","","","","","","","","","",""
"Cosmic Cow Collectors","274784","7.8","1","0","1","0","0","0","0","0","0","0","3","","2-4 Players
10-20 Min 
C-B-1

Fun game not exactly thrilling at 2 wish I could play at 6
Players","","","","136095961","5.54986","6.73554","2","13397","407","thing","Cosmic Cow Collectors","2","4","20","20","10","2024","3,4","4","","No necessary in-game text","","","","","","standalone","","","","","","","","","","","","","","",""
"Cosmoctopus","362020","7.6","1","0","1","0","0","0","0","0","0","0","3","","","","","","136565266","6.31223","7.16102","2.2456","1837","5062","thing","Cosmoctopus","1","4","90","90","60","2023","2,3,4","2","10+","Some necessary text - easily memorized or small crib sheet","","","","","","standalone","","","","","","","","","","","","","","",""
"Courtisans","402283","0","0","0","1","0","0","0","0","0","0","0","1","","2-5 Players
20-30 Min 
C-B-1","","","","135517320","6.64287","7.26302","1.3069","1022","9146","thing","Courtisans","2","5","30","30","20","2024","2,3,4,5","4","8+","Some necessary text - easily memorized or small crib sheet","","","","","","standalone","","","","","","","","","","","","","","",""
"Couture","377716","0","0","0","1","0","0","0","0","0","0","0","3","","3-6 Players
20Min
C-B-3","","","","146488518","5.87849","6.79412","1.8421","4073","2717","thing","Couture","3","6","20","20","20","2023","3,4,5","3,4","10+","No necessary in-game text","","","","","","standalone","","","","","","","","","","","","","","",""
"Covenant","429863","0","0","0","1","0","0","0","0","0","0","0","3","","1-4 Players
100 Minutes
S-1-4","","","","138491938","6.40778","7.69205","3.7207","1575","3582","thing","Covenant","1","4","100","100","100","2025","1,2,3,4","3","14+","No necessary in-game text","","","","","","standalone","","","","","","","","","","","","","","",""
"Cozy Stickerville","456440","9.5","7","0","1","0","0","0","0","0","0","0","3","","","","","","142315700","6.84492","8.24296","1.2169","699","7189","thing","Cozy Stickerville","1","6","30","30","30","2026","1,2,3","2","8+","Extensive use of text - massive conversion needed to be playable","","","","","","standalone","","","","","","","","","","","","","","",""
"Creature Caravan","385331","8.6","1","0","1","0","0","0","0","0","0","0","3","","1-4 players
60-90 min 
S-3-4","","","","136809726","6.73249","7.77675","2.4333","862","5590","thing","Creature Caravan","1","4","90","90","60","2024","1,2,3,4","1,2,3","10+","Moderate in-game text - needs crib sheet or paste ups","","","","","","standalone","","","","","","","","","","","","","","",""
"The Crew: The Quest for Planet Nine","284083","0","0","0","1","0","0","0","0","0","0","0","3","","","","","","137223798","7.61254","7.75135","1.9663","96","94424","thing","The Crew: The Quest for Planet Nine","2","5","20","20","20","2019","3,4,5","4","10+","No necessary in-game text","","","","","","standalone","","","","","","","","","","","","","","",""
"Critter Kitchen","393429","8.7","1","0","1","0","0","0","0","0","0","0","3","","1 - 5 player
60 Min 
S-1-1","","","","136185349","6.74438","7.75593","2.4592","845","8892","thing","Critter Kitchen","1","5","60","60","60","2025","1,2,3,4,5","4","10+","Moderate in-game text - needs crib sheet or paste ups","","","","","","standalone","","","","","","","","","","","","","","",""
"Crossbows & Catapults: Castle Battle","390612","0","0","0","1","0","0","0","0","0","0","0","3","","2 player
20  30 minutes
C-A-3","","","","136096159","5.5428","6.74794","1","14390","423","thing","Crossbows & Catapults: Castle Battle","2","2","30","30","20","2024","2","2","4+","","","","","","","standalone","","","","","","","","","","","","","","",""
"Crusaders: Thy Will Be Done","170624","0","0","0","1","0","0","0","0","0","0","0","3","","2 - 4 players
40 - 60 minutes 
S-1-3

Area control","","","","138694930","6.87145","7.47576","2.4771","656","7944","thing","Crusaders: Thy Will Be Done","2","4","60","60","40","2018","2,3,4","3,4","10+","Some necessary text - easily memorized or small crib sheet","","","","","","standalone","","","","","","","","","","","","","","",""
"CULTivate","329002","0","0","0","1","0","0","0","0","0","0","0","3","","2 - 5 players","","","","135498309","5.70899","6.83222","1.5385","6174","1465","thing","CULTivate","2","5","50","50","20","2021","2,3,4,5","3","14+","Some necessary text - easily memorized or small crib sheet","","","","","","standalone","","","","","","","","","","","","","","",""
"Curious Cargo","312251","8","1","2","1","0","0","0","0","0","0","0","3","","2 Players
30-60 minutes
C-B-4","","","","146873717","6.28728","6.98015","3.2054","1932","6281","thing","Curious Cargo","2","2","60","60","30","2020","2","2","12+","No necessary in-game text","","","","","","standalone","","","","","","","","","","","","","","",""
"Cyber Pet Quest","389220","0","0","0","1","0","0","0","0","0","0","0","3","","1 - 4 players 
30 - 45 min","","","","139487069","5.53403","7.19583","2.4","15926","270","thing","Cyber Pet Quest","1","4","45","45","30","2024","1,2,4","1,2,4","10+","","","","","","","standalone","","","","","","","","","","","","","","",""
"D.E.I.: Divide et Impera","286158","0","0","0","1","0","0","0","0","0","0","0","3","","","","","","147551747","6.12189","7.47404","3.1731","2574","2174","thing","D.E.I.: Divide et Impera","2","4","90","90","60","2022","2,3,4","3,4","12+","No necessary in-game text","","","","","","standalone","","","","","","","","","","","","","","",""
"Dandelions","347883","7.5","1","0","1","0","0","0","0","0","0","0","3","","2 - 3 player
15 Min
C-B-3","","","","136061096","5.95237","6.75337","1.3529","3503","3559","thing","Dandelions","2","3","15","15","15","2022","2,3","3","6+","No necessary in-game text","","","","","","standalone","","","","","","","","","","","","","","",""
"Daring Contest","248722","0","0","0","1","0","0","0","0","0","0","0","3","","4 - 8 players 
30- 45 min 
C-B-5","","","","139486035","5.51255","6.23667","1","22100","448","thing","Daring Contest","4","8","45","45","30","2018","","","","","","","","","","standalone","","","","","","","","","","","","","","",""
"Dawn: Rise of the Occulites","90274","0","0","0","1","0","0","0","0","0","0","0","3","","","","","","147551725","5.54493","7.27466","2.7143","14058","275","thing","Dawn: Rise of the Occulites","2","4","60","60","60","2014","2,3,4","2,4","8+","Extensive use of text - massive conversion needed to be playable","","","","","","standalone","","","","","","","","","","","","","","",""
"DCeased: Gotham City Outbreak","422898","0","0","0","1","0","0","0","0","0","0","0","3","","1-4 players
60 min 
S-2-2","","","","136595943","5.7473","8.02571","2.3636","5529","1520","thing","DCeased: Gotham City Outbreak","1","4","60","60","60","2024","1,2,3,4","2","10+","Moderate in-game text - needs crib sheet or paste ups","","","","","","standalone","","","","","","","","","","","","","","",""
"Dead by Daylight: The Board Game","358246","0","1","0","1","0","0","0","0","0","0","0","3","","3 - 5 players
45 minutes
C-A-5","","","","147269727","5.88639","7.23328","2.3056","4008","1643","thing","Dead by Daylight: The Board Game","3","5","60","60","30","2023","3,4,5","5","14+","Moderate in-game text - needs crib sheet or paste ups","","","","","","standalone","","","","","","","","","","","","","","",""
"Dead By Daylight: The Board Game – Malicious Expansion","419742","0","0","0","1","0","0","0","0","0","0","0","3","","expansion
C-A-5","","","","147269744","5.53749","8.49487","0","0","342","thing","Dead By Daylight: The Board Game – Malicious Expansion","3","5","60","60","30","2024","","","","","","","","","","expansion","","","","","","","","","","","","","","",""
"Dead by Daylight: The Board Game – Unbroken Expansion","429746","0","0","0","1","0","0","0","0","0","0","0","3","","expansion 
C-A-5","","","","147269746","0","8.525","0","0","173","thing","Dead by Daylight: The Board Game – Unbroken Expansion","3","5","55","55","45","2024","","","","","","","","","","expansion","","","","","","","","","","","","","","",""
"Dead Cells: The Rogue-Lite Board Game","380135","0","0","0","1","0","0","0","0","0","0","0","3","","1-4 players
45 Min 
B-A-2","","","","139777170","6.40867","7.5738","2.3594","1570","4329","thing","Dead Cells: The Rogue-Lite Board Game","1","4","45","45","45","2024","1,2,3","3","12+","Extensive use of text - massive conversion needed to be playable","","","","","","standalone","","","","","","","","","","","","","","",""
"Dead Men Tell No Tales","141423","0","0","0","1","0","0","0","0","0","0","0","3","","2-5 Players
60-75 Min 
S-1-2","","","","136185369","6.48665","7.08974","2.5605","1369","8893","thing","Dead Men Tell No Tales","2","5","75","75","60","2015","1,2,3,4,5","3","10+","Some necessary text - easily memorized or small crib sheet","","","","","","standalone","","","","","","","","","","","","","","",""
"Dead of Winter: A Crossroads Game","150376","0","0","0","1","0","0","0","0","0","0","0","3","","2 - 5 players 
60 - 120 minutes 
S-1-4

Horror adventure","","","","138695048","7.26905","7.43727","3.0137","255","69812","thing","Dead of Winter: A Crossroads Game","2","5","120","120","60","2014","3,4,5","4","12+","Extensive use of text - massive conversion needed to be playable","","","","","","standalone","","","","","","","","","","","","","","",""
"Deadly Doodles","442312","7.4","0","0","1","0","0","0","0","0","0","0","3","","Little draw and write collect treasure defeat monsters and find the dragon, double sided board decent game at the 20 dollar price point.","","","","145955141","0","7.7","0","0","9","thing","Deadly Doodles","1","4","30","30","20","2025","","","","","","","","","","standalone","","","","","","","","","","","","","","",""
"Deadly Doodles","272599","0","0","0","1","0","0","0","0","0","0","0","3","","","","","","146488763","5.61409","6.4446","1.6","8789","860","thing","Deadly Doodles","1","4","30","30","20","2019","1,2,3,4","1","10+","Some necessary text - easily memorized or small crib sheet","","","","","","standalone","","","","","","","","","","","","","","",""
"Deck the Halls","347011","0","0","0","1","0","0","0","0","0","0","0","3","","2 - 6  players 
60 - 75 minutes 
S-3-3

Dice rolling","","","","138690819","5.52305","7.13684","1","18620","122","thing","Deck the Halls","2","6","70","70","60","2021","","","","","","","","","","standalone","","","","","","","","","","","","","","",""
"Deep Regrets","397931","9","3","0","1","0","0","0","0","0","0","0","3","","1-5 players
30-150 min 
S-2-3

Fish fish fish","","","","146533166","6.56721","7.34373","2.3362","1177","10226","thing","Deep Regrets","1","5","150","150","30","2025","1,2,3,4","3","12+","Moderate in-game text - needs crib sheet or paste ups","","","","","","standalone","","","","","","","","","","","","","","",""
"Deep Regrets: Lamentable Tentacles Mini-Expansion","421471","0","0","0","1","0","0","0","0","0","0","0","3","","Expansion 
S-2-3","","","","148056299","5.7877","7.78459","2.25","0","4233","thing","Deep Regrets: Lamentable Tentacles Mini-Expansion","1","5","150","150","30","2025","1,2,3,4","3","16+","","","","","","","expansion","","","","","","","","","","","","","","",""
"Deep Rock Galactic: The Board Game","348220","0","0","0","1","0","0","0","0","0","0","0","3","","1-4 Players
60-150 Minutes
S-2-4","","","","147962360","6.53404","8.08881","2.6667","1252","4599","thing","Deep Rock Galactic: The Board Game","1","4","150","150","60","2022","1,2,3,4","4","10+","Some necessary text - easily memorized or small crib sheet","","","","","","standalone","","","","","","","","","","","","","","",""
"Deep Sea Adventure Boost","427866","0","0","0","1","0","0","0","0","0","0","0","3","","","","","","140295119","5.86056","7.1511","1.087","0","2227","thing","Deep Sea Adventure Boost","2","6","30","30","30","2024","2,3,4,5,6","4,5","6+","No necessary in-game text","","","","","","standalone","","","","","","","","","","","","","","",""
"Defenders of the Wild","372649","0","0","0","1","0","0","0","0","0","0","0","3","","1 - 4 Players
60 - 120 Minutes
C-B-2","","","","136061075","5.89852","7.05291","3.129","3908","2842","thing","Defenders of the Wild","1","4","120","120","60","2024","1,2,3,4","2","12+","Some necessary text - easily memorized or small crib sheet","","","","","","standalone","","","","","","","","","","","","","","",""
"Dejarik","182162","0","0","0","1","0","0","0","0","0","0","0","3","","2 players 
10 - 30 min
Star wars *includes chess and checkers too*","","","","139487230","5.50746","6.07875","1.6667","23863","244","thing","Dejarik","2","2","30","30","10","2014","2","2","8+","","","","","","","standalone","","","","","","","","","","","","","","",""
"Delivery Witches","427667","8","1","0","1","0","0","0","0","0","0","0","3","","","","","","146863731","5.52452","7.37647","2.6","18180","180","thing","Delivery Witches","1","4","60","60","45","2025","1,2,3,4","2","8+","No necessary in-game text","","","","","","standalone","","","","","","","","","","","","","","",""
"Demon Worker","216856","0","0","0","1","0","0","0","0","0","0","0","3","","3-4 Players
45 minutes
C-B-5","","","","147962369","5.86244","6.98043","2.4737","4206","1588","thing","Demon Worker","3","4","45","45","45","2016","3,4","4","10+","No necessary in-game text","","","","","","standalone","","","","","","","","","","","","","","",""
"Desperate Oasis","428904","8","1","0","1","0","0","0","0","0","0","0","3","","2 Players
15-25 minutes
C-A-3","","","","143818514","5.67244","7.81265","1.5714","6974","726","thing","Desperate Oasis","2","2","25","25","15","2024","2","2","8+","","","","","","","standalone","","","","","","","","","","","","","","",""
"Devious","431478","0","0","0","1","0","0","0","0","0","0","0","3","","2-6 Players
20-40 Min 
C-A-1","","","","147070112","5.52367","7.15519","1.5","18430","117","thing","Devious","2","6","40","40","20","2026","2,3,4,5,6","2,3","","Some necessary text - easily memorized or small crib sheet","","","","","","standalone","","","","","","","","","","","","","","",""
"Diatoms","370210","0","0","0","1","0","0","0","0","0","0","0","3","","1 - 4 players
30 - 45 min","","","","139487002","5.78221","7.57883","1.8125","5041","1074","thing","Diatoms","1","4","45","45","30","2025","1,2,3,4","1,2","8+","","","","","","","standalone","","","","","","","","","","","","","","",""
"Dice Cards","368846","7.9","1","0","1","0","0","0","0","0","0","0","3","","1 - 8 players
20 minutes 
C-A-1

You have six little puzzles and roll numbers to fill in your different puzzles","","","","140073567","5.62631","7.41242","1.4","8316","458","thing","Dice Cards","1","99","30","30","15","2023","1,2,3,4,5,6,7,8","1","","","","","","","","standalone","","","","","","","","","","","","","","",""
"Dice City","179572","0","0","0","1","0","0","0","0","0","0","0","3","","1 - 4 players","","","","135642380","6.32498","6.70557","2.0168","1793","9038","thing","Dice City","1","4","60","60","45","2015","1,2,3","2","8+","Some necessary text - easily memorized or small crib sheet","","","","","","standalone","","","","","","","","","","","","","","",""
"Dice Miner","310632","0","0","0","1","0","0","0","0","0","0","0","3","","1-4 players
20-30 min 
S-3-1","","","","147069285","6.49262","7.27583","1.6119","1356","5900","thing","Dice Miner","1","4","30","30","20","2021","1,2,3,4","2,3","8+","No necessary in-game text","","","","","","standalone","","","","","","","","","","","","","","",""
"Dice Throne: Adventures","281332","0","0","0","1","0","0","0","0","0","0","0","3","","1 - 4 players 
90 - 120 min
B-A-5
Dice rolling team","","","","138697631","6.78657","8.08337","2.6232","0","9256","thing","Dice Throne: Adventures","1","4","120","120","90","2020","1,2,3","1,2","10+","Extensive use of text - massive conversion needed to be playable","","","","","","expansion","","","","","","","","","","","","","","",""
"Dice Throne: Adventures – Promo Card Set: DTA Promo Pack 2020","291819","0","0","0","1","0","0","0","0","0","0","0","3","","Expansion
B-A-5","","","","138697925","5.65882","8.14703","2","0","1679","thing","Dice Throne: Adventures – Promo Card Set: DTA Promo Pack 2020","1","4","120","120","90","2020","","","8+","Unplayable in another language","","","","","","expansion","","","","","","","","","","","","","","",""
"Dice Throne: Adventures – Unchained","431993","0","0","0","1","0","0","0","0","0","0","0","3","","2-6 Players
B-A-4","","","","142315655","5.6192","8.76846","0","0","1312","thing","Dice Throne: Adventures – Unchained","1","4","75","75","30","2025","","","","","","","","","","expansion","","","","","","","","","","","","","","",""
"Dice Throne: Promo Card Set – Season 1 Rerolled Promo Pack","291817","0","0","0","1","0","0","0","0","0","0","0","3","","Expansion
B-A-5","","","","138697888","5.68539","7.9388","2","0","1913","thing","Dice Throne: Promo Card Set – Season 1 Rerolled Promo Pack","2","6","40","40","20","2020","","","8+","Moderate in-game text - needs crib sheet or paste ups","","","","","","expansion","","","","","","","","","","","","","","",""
"Dice Throne: Santa v. Krampus","366310","0","0","0","1","0","0","0","0","0","0","0","3","","2 - 6 players
20 - 40 min
B-A-4
Dice rolling","","","","138697829","6.42013","7.98209","2.0556","1534","6307","thing","Dice Throne: Santa v. Krampus","2","6","40","40","20","2022","2,3,4","2","10+","Unplayable in another language","","","","","","standalone","","","","","","","","","","","","","","",""
"Dice Throne: Season One ReRolled","291794","0","0","0","1","0","0","0","0","0","0","0","3","","2 - 6 players 
20 - 40 min
B-A-5
Dice rolling","","","","138697580","7.01728","8.26887","2.0667","0","8309","thing","Dice Throne: Season One ReRolled","2","6","40","40","20","2020","2,3,4","2","10+","Unplayable in another language","","","","","","standalone","","","","","","","","","","","","","","",""
"Dice Throne: Season Two – Battle Chest","244271","0","1","0","1","0","0","0","0","0","0","0","3","","2 - 6 players 
20 - 40 min
B-A-5
Dice rolling","","","","138697602","7.1769","8.03128","2.1705","327","12125","thing","Dice Throne: Season Two – Battle Chest","2","6","40","40","20","2018","2,3,4","2","10+","Unplayable in another language","","","","","","standalone","","","","","","","","","","","","","","",""
"Dice Throne: Season Two Promo Card Set","266395","0","0","0","1","0","0","0","0","0","0","0","3","","Expansion
B-A-5","","","","138697903","5.68187","7.94112","2","0","1821","thing","Dice Throne: Season Two Promo Card Set","2","6","40","40","20","2018","","","8+","Moderate in-game text - needs crib sheet or paste ups","","","","","","expansion","","","","","","","","","","","","","","",""
"Dice Throne: Vanguard","453942","0","0","0","1","0","0","0","0","0","0","0","3","","2-6 Players
B-A-4","","","","146533175","5.66061","8.68363","2","7254","1130","thing","Dice Throne: Vanguard","2","4","30","30","30","2026","","","","","","","","","","standalone","","","","","","","","","","","","","","",""
"Diced Veggies","381356","8","1","0","1","0","0","0","0","0","0","0","3","","2 - 4 players
30 minutes
C-B-2","","","","142502761","6.16265","6.87375","1.4043","2384","5178","thing","Diced Veggies","2","4","30","30","30","2023","1,2,3,4","3","6+","Moderate in-game text - needs crib sheet or paste ups","","","","","","standalone","","","","","","","","","","","","","","",""
"Dinosaur Island: Rawr 'n Write","318009","7.9","1","0","1","0","0","0","0","0","0","0","3","","2 - 4 player","","","","136473890","6.89333","7.64861","2.8487","633","11575","thing","Dinosaur Island: Rawr 'n Write","1","4","45","45","30","2021","1,2,3,4","2","10+","Some necessary text - easily memorized or small crib sheet","","","","","","standalone","","","","","","","","","","","","","","",""
"Disney 100 Labyrinth","1219","8","1","0","1","0","0","0","0","0","0","0","3","","2-4 Players
20 Min 
C-C-5
Puzzle","","","","141911478","6.23441","6.41103","1.3468","2114","35096","thing","Labyrinth","2","4","20","20","20","2022","2,3,4","4","6+","No necessary in-game text","","","","","","standalone","","","","","","","","3","","","","Ravensburger AG","Dutch; English; French; German; Italian; Portuguese; Spanish","2022","Multilingual edition"
"Disney Animated","382229","0","0","0","1","0","0","0","0","0","0","0","3","","2 - 4 players","","","","135500292","5.88119","7.23159","2.3636","4053","2339","thing","Disney Animated","2","4","80","80","40","2023","2,3,4","3","10+","","","","","","","standalone","","","","","","","","","","","","","","",""
"Disney Hocus Pocus: The Game","303648","0","0","0","1","0","0","0","0","0","0","0","3","","2 - 6 
30 minutes
Co pp","","","","135501664","5.5685","5.93019","1.5625","11537","2653","thing","Disney Hocus Pocus: The Game","2","6","30","30","30","2020","2,3,4,5","3,4","6+","","","","","","","standalone","","","","","","","","","","","","","","",""
"Disney Lorcana","369646","0","0","0","1","0","0","0","0","0","0","0","3","","2 players","","","","135499235","6.45547","7.21024","2.125","1440","6914","thing","Disney Lorcana","2","6","0","0","0","2023","2","2","8+","Moderate in-game text - needs crib sheet or paste ups","","","","","","standalone","","","","","","","","","","","","","","",""
"Disney Robin Hood: Sheriff of Nottingham Game","396607","0","0","0","1","0","0","0","0","0","0","0","3","","3 - 5 players 
45 min
C-B-5","","","","139487106","5.62801","6.97669","1.8333","8240","1167","thing","Disney Robin Hood: Sheriff of Nottingham Game","3","5","45","45","45","2023","3,4,5","5","10+","No necessary in-game text","","","","","","standalone","","","","","","","","","","","","","","",""
"Disney Villainous: Sugar and Spite","411003","0","0","0","1","0","0","0","0","0","0","0","3","","2+ players","","","","135500605","5.827","7.58035","2.1667","4531","4311","thing","Disney Villainous: Sugar and Spite","2","2","40","40","40","2024","2","2","","","","","","","","standalone","","","","","","","","","","","","","","",""
"Distilled","295895","0","0","0","1","0","0","0","0","0","0","0","3","","1 - 5 players
30 - 150 min
B-A-1","","","","139485586","7.23159","7.74738","3.0339","276","15084","thing","Distilled","1","5","150","150","30","2023","1,2,3,4","3","12+","Moderate in-game text - needs crib sheet or paste ups","","","","","","standalone","","","","","","","","","","","","","","",""
"Dodos Riding Dinos","254683","8","1","0","1","0","0","0","0","0","0","0","3","","1-8 players
20 min 
S-2-4","","","","142013544","6.16191","7.45099","1.625","2390","3681","thing","Dodos Riding Dinos","1","8","20","20","20","2021","2,3,4,5,6,7,8","4,6","8+","Moderate in-game text - needs crib sheet or paste ups","","","","","","standalone","","","","","","","","","","","","","","",""
"Dodos Riding Dinos: Dodo Dash","363278","0","0","0","1","0","0","0","0","0","0","0","3","","1-6 Players
20-60 min 
S-2-4","","","","148057718","5.70318","7.6161","1.7273","6292","1511","thing","Dodos Riding Dinos: Dodo Dash","1","6","60","60","20","2024","3,4,5,6","4,5,6","8–16","","","","","","","standalone","","","","","","","","","","","","","","",""
"Dogfight!: Rule The Skies in 20 Minutes!","369154","0","0","0","1","0","0","0","0","0","0","0","3","","1-2 Players
20 Minutes
C-B-4","","","","137223751","5.6692","6.70258","2","7057","1086","thing","Dogfight!: Rule The Skies in 20 Minutes!","1","2","20","20","20","2023","2","2","10+","Moderate in-game text - needs crib sheet or paste ups","","","","","","standalone","","","","","","","","","","","","","","",""
"Dogs With Jobs","422685","9","2","0","1","0","0","0","0","0","0","0","1","","2-5 Players
15-30 Min 
C-A-1

Quick fun and who doesn’t love dogs?","","","","139255677","5.57396","7.9786","2","11095","646","thing","Dogs With Jobs","2","5","30","30","15","2025","2,3,4,5","4,5","8+","","","","","","","standalone","","","","","","","","","","","","","","",""
"Dogs With Jobs: Gear","426273","0","0","0","1","0","0","0","0","0","0","0","3","","Expansion 
C-A-1","","","","142294270","0","8.55556","0","0","257","thing","Dogs With Jobs: Gear","2","5","30","30","15","2025","","","","","","","","","","expansion","","","","","","","","","","","","","","",""
"Dogs With Jobs: Odd Jobs","426271","0","0","0","1","0","0","0","0","0","0","0","3","","Expansion 
C-B-1","","","","142294250","0","8.23077","0","0","263","thing","Dogs With Jobs: Odd Jobs","2","5","30","30","15","2025","","","","","","","","","","expansion","","","","","","","","","","","","","","",""
"Dominion","36218","0","0","0","1","0","0","0","0","0","0","0","3","","2 - 4 players
30 min 
S-2-1","","","","135500235","7.4738","7.59729","2.3443","146","131257","thing","Dominion","2","4","30","30","30","2008","2,3,4","3","10+","Moderate in-game text - needs crib sheet or paste ups","","","","","","standalone","","","","","","","","","","","","","","",""
"Dominoes","2394","0","0","0","1","0","0","0","0","0","0","0","3","","2 - 6 players","","","","135497487","5.5029","5.56874","1.3655","25301","18452","thing","Dominoes","2","10","30","30","30","1500","2,3,4","4","5+","No necessary in-game text","","","","","","standalone","","","","","","","","","","","","","","",""
"Don't Go In There","346057","0","0","0","1","0","0","0","0","0","0","0","3","","2 - 5 players
25-35 Min
C-B-1","","","","135496324","5.84653","6.60872","1.7368","4359","2842","thing","Don't Go In There","2","5","35","35","25","2022","3,4,5","4","8+","Some necessary text - easily memorized or small crib sheet","","","","","","standalone","","","","","","","","","","","","","","",""
"Doomlings","324413","0","0","0","1","0","0","0","0","0","0","0","3","","2 - 6 players","","","","135499776","6.03164","6.75448","1.5915","3032","8318","thing","Doomlings","2","6","45","45","20","2022","2,3,4,5,6","4","8+","Moderate in-game text - needs crib sheet or paste ups","","","","","","standalone","","","","","","","","","","","","","","",""
"Doomlings: Legends of Enderas","444298","0","0","0","1","0","0","0","0","0","0","0","3","","","","","","137191185","5.52623","7.58529","2","0","277","thing","Doomlings: Legends of Enderas","2","6","45","45","20","2025","2,3,4,5","2","10+","","","","","","","expansion","","","","","","","","","","","","","","",""
"Dorfromantik: Sakura","424774","8.1","4","0","1","0","0","0","0","0","0","0","3","","2 player
30-90 Min 
S-1-2","","","","136060980","6.56478","7.99883","1.9362","1182","5983","thing","Dorfromantik: Sakura","1","6","90","90","30","2024","1,2,3","2","8+","Moderate in-game text - needs crib sheet or paste ups","","","","","","standalone","","","","","","","","","","","","","","",""
"The Downfall of Pompeii","13004","0","0","0","1","0","0","0","0","0","0","0","3","","","","","","137223599","6.78928","7.1655","1.8439","774","9990","thing","The Downfall of Pompeii","2","4","45","45","45","2004","2,3,4","4","8+","No necessary in-game text","","","","","","standalone","","","","","","","","","","","","","","",""
"Downforce","215311","0","0","0","1","0","0","0","0","0","0","0","3","","2-6 Players
20-40 Minutes
S-1-5","","","","137190131","6.98893","7.25176","1.7339","518","20535","thing","Downforce","2","6","40","40","20","2017","2,3,4,5,6","3,6","8+","Some necessary text - easily memorized or small crib sheet","","","","","","standalone","","","","","","","","","","","","","","",""
"Downforce: Danger Circuit","242213","0","0","0","1","0","0","0","0","0","0","0","3","","","","","","137190129","6.43822","7.77744","1.8462","0","5689","thing","Downforce: Danger Circuit","2","6","40","40","20","2018","2,3,4,5,6","3,6","6+","Moderate in-game text - needs crib sheet or paste ups","","","","","","expansion","","","","","","","","","","","","","","",""
"Dragon Ball Z: Over 9000","256262","0","0","0","1","0","0","0","0","0","0","0","3","","3 - 6 players","","","","135496792","0","5.21429","0","0","112","thing","Dragon Ball Z: Over 9000","3","6","30","30","30","2018","","","","","","","","","","standalone","","","","","","","","","","","","","","",""
"Dragonkeepers","383109","0","0","0","1","0","0","0","0","0","0","0","3","","2 - 4 players
20 minutes","","","","139482194","6.21152","7.06888","1.9583","2210","4786","thing","Dragonkeepers","2","4","20","20","20","2023","2,3,4","3","8+","No necessary in-game text","","","","","","standalone","","","","","","","","","","","","","","",""
"Dragonscroll","165404","0","0","0","1","0","0","0","0","0","0","0","3","","2 - 4 players
60 Min
B-A-1","","","","135499889","5.60543","6.49375","2.1","9209","699","thing","Dragonscroll","2","4","60","60","60","2014","2,3,4","2,3","6+","Some necessary text - easily memorized or small crib sheet","","","","","","standalone","","","","","","","","","","","","","","",""
"Dream Runners","301002","0","0","0","1","0","0","0","0","0","0","0","3","","2 - 4 players 
30 minutes
S-1-1

Competitive tile placement","","","","138689938","5.65089","6.93904","2.1333","7526","838","thing","Dream Runners","2","4","40","40","30","2020","2,3,4","2,3,4","8+","No necessary in-game text","","","","","","standalone","","","","","","","","","","","","","","",""
"Drop Drive","308028","0","0","0","1","0","0","0","0","0","0","0","3","","2-4 players
45-60 min 
S-3-2","","","","142315710","5.63797","7.40109","2.125","7910","773","thing","Drop Drive","2","4","60","60","45","2023","2,3,4","3,4","8+","","","","","","","standalone","","","","","","","","","","","","","","",""
"Dulce","367522","5.5","1","0","1","0","0","0","0","0","0","0","3","","1 - 4 players","","","","135498081","5.57285","6.19634","1.8571","11191","630","thing","Dulce","1","4","30","30","30","2022","1,2,3,4","4","","","","","","","","standalone","","","","","","","","","","","","","","",""
"Dumpster Diver","200169","0","0","0","1","0","0","0","0","0","0","0","3","","","","","","147239251","0","6.7375","0","0","72","thing","Dumpster Diver","2","4","30","30","20","2016","","","","","","","","","","standalone","","","","","","","","","","","","","","",""
"Dungeon Date","330635","0","0","0","1","0","0","0","0","0","0","0","3","","1 - 4 Players
20 - 40 Minutes
C-B-2","","","","142291730","5.54312","7.18777","1.75","14334","250","thing","Dungeon Date","1","4","45","45","20","2022","1,2","2,3","12+","","","","","","","standalone","","","","","","","","","","","","","","",""
"Dungeon Kart","398032","0","0","0","1","0","0","0","0","0","0","0","3","","2 - 8 players","","","","135499836","5.7628","7.22727","2.2308","5298","1373","thing","Dungeon Kart","2","8","60","60","30","2024","3,4,5,6","5","8+","Moderate in-game text - needs crib sheet or paste ups","","","","","","standalone","","","","","","","","","","","","","","",""
"Dungeon Mayhem: Monster Madness","295577","0","0","0","1","0","0","0","0","0","0","0","3","","2-6 Players
10 Min 
C-C-1","","","","139483021","6.28812","7.40524","1.1667","1929","6683","thing","Dungeon Mayhem: Monster Madness","2","6","10","10","10","2020","2,3,4,5,6","4","6–12","Some necessary text - easily memorized or small crib sheet","","","","","","standalone","","","","","","","","","","","","","","",""
"Dungeon Petz","97207","0","0","0","1","0","0","0","0","0","0","0","3","","","","","","147069480","7.11089","7.3794","3.6337","382","20985","thing","Dungeon Petz","2","4","90","90","90","2011","2,3,4","4","12+","No necessary in-game text","","","","","","standalone","","","","","","","","","","","","","","",""
"The Egg Game: Complete the challenges, don't drop the egg!","402212","0","0","0","1","0","0","0","0","0","0","0","3","","4 - 8 players
10 minutes
C-B-5","","","","135497470","0","6.62375","0","0","39","thing","The Egg Game: Complete the challenges, don't drop the egg!","2","99","10","10","10","2023","","","","","","","","","","standalone","","","","","","","","","","","","","","",""
"EGO","429766","0","0","0","1","0","0","0","0","0","0","0","3","","2-5 players
40-80 min 
S-3-1","","","","140294693","5.85416","7.18569","2.4","4269","1208","thing","EGO","2","5","80","80","40","2025","4,5","5","12+","No necessary in-game text","","","","","","standalone","","","","","","","","","","","","","","",""
"Emberheart","452817","0","0","0","1","0","0","0","0","0","0","0","3","","2-4 plsyers
60-90 min 
S-2-1","","","","147297772","6.12062","7.35927","2.7188","2586","3041","thing","Emberheart","2","4","90","90","60","2025","3,4","4","10+","Moderate in-game text - needs crib sheet or paste ups","","","","","","standalone","","","","","","","","","","","","","","",""
"Emberleaf","426513","9.5","1","0","1","0","0","0","0","0","0","0","3","","1-5 Players
90-120 Min 
S-2-4","","","","136060897","6.48111","7.65898","3.1277","1377","4167","thing","Emberleaf","1","5","120","120","90","2025","1,2,3,4","3","12+","Moderate in-game text - needs crib sheet or paste ups","","","","","","standalone","","","","","","","","","","","","","","",""
"Emerald Skulls","421762","8","2","0","1","0","0","0","0","0","0","0","3","","1-6 Players
30-45 min 
C-B-1","","","","138137502","5.72085","6.91247","1.9231","5961","1268","thing","Emerald Skulls","1","6","45","45","30","2025","4,5,6","5","12+","Some necessary text - easily memorized or small crib sheet","","","","","","standalone","","","","","","","","","","","","","","",""
"Endangered","220133","0","0","0","1","0","0","0","0","0","0","0","3","","1-5 players
60-90 Min 
S-2-3","","","","147552698","6.34076","7.37305","2.5156","1746","4419","thing","Endangered","1","5","90","90","60","2020","1,2,3,4","3","10+","Moderate in-game text - needs crib sheet or paste ups","","","","","","standalone","","","","","","","","","","","","","","",""
"Endless Winter: Ancestors","323060","0","0","0","1","0","0","0","0","0","0","0","3","","Expansion for paleo
B-A-2","","","","138690604","6.11754","7.92166","3.2","0","7429","thing","Endless Winter: Ancestors","1","4","90","90","50","2022","1,2,3,4","2","","No necessary in-game text","","","","","","expansion","","","","","","","","","","","","","","",""
"Endless Winter: Paleoamericans","305096","0","0","0","1","0","0","0","0","0","0","0","3","","1 - 4 players 
60 - 120 minutes 
B-A-2

Area control","","","","138690466","7.15628","7.61576","3.3269","343","18299","thing","Endless Winter: Paleoamericans","1","4","120","120","60","2022","1,2,3,4","3","12+","No necessary in-game text","","","","","","standalone","","","","","","","","","","","","","","",""
"Endless Winter: Rivers & Rafts","323056","0","0","0","1","0","0","0","0","0","0","0","3","","Expansion for paleoamericans endless winter
B-A-2","","","","138690394","5.9771","7.82691","3.2857","0","6686","thing","Endless Winter: Rivers & Rafts","1","4","90","90","50","2022","2,3,4","2,3","","No necessary in-game text","","","","","","expansion","","","","","","","","","","","","","","",""
"Escape from the Aliens in Outer Space","82168","0","0","0","1","0","0","0","0","0","0","0","3","","2-8 Players
20-45 Minutes","","","","140295018","6.45152","6.90783","1.9756","1452","9630","thing","Escape from the Aliens in Outer Space","2","8","45","45","20","2010","4,5,6,7,8","6","12+","No necessary in-game text","","","","","","standalone","","","","","","","","","","","","","","",""
"Escape: Zombie City","149809","0","0","0","1","0","0","0","0","0","0","0","3","","2 - 4 players
15 min 
S-3-3","","","","135500253","5.9421","6.72855","1.7692","3577","3525","thing","Escape: Zombie City","2","4","15","15","15","2014","2,3,4","4","10+","No necessary in-game text","","","","","","standalone","","","","","","","","","","","","","","",""
"Ethnos: 2nd Edition","432527","0","1","0","1","0","0","0","0","0","0","0","1","","1-6 players
60 min 
S-3-5","","","","143428157","6.21858","7.67012","2.2812","2184","2595","thing","Ethnos: 2nd Edition","1","6","60","60","60","2025","3,4,5,6","4,5","6+","No necessary in-game text","","","","","","standalone","","","","","","","","","","","","","","",""
"Ethnos: 2nd Edition – Promo Pack","436382","0","0","0","1","0","0","0","0","0","0","0","3","","Expansion 
S-3-5","","","","147069519","5.54849","7.89","0","0","518","thing","Ethnos: 2nd Edition – Promo Pack","1","6","45","45","45","2024","","","","","","","","","","expansion","","","","","","","","","","","","","","",""
"Even Deeper Regrets","440640","0","0","0","1","0","0","0","0","0","0","0","3","","Expansion
S-2-3","","","","148056288","5.6738","8.15236","2","0","2711","thing","Even Deeper Regrets","1","5","150","150","60","2026","","","","","","","","","","expansion","","","","","","","","","","","","","","",""
"Excalibur","434172","0","1","0","1","0","0","0","0","0","0","0","3","","2-8 Playres
15-25 Min 
C-B-1

Has to be with at least 4 players played at 2 and it took the fun out of the game","","","","146488692","6.04091","7.31507","1.1905","2986","2950","thing","Excalibur","2","8","25","25","15","2026","4,5,6,7,8","5,6","5–10","Moderate in-game text - needs crib sheet or paste ups","","","","","","standalone","","","","","","","","","","","","","","",""
"Excavation Earth","292126","0","0","0","1","0","0","0","0","0","0","0","3","","1 - 4 players 
30 - 120 minutes 
S-3-4
Economic and science fiction","","","","138695190","6.13489","7.10432","3.8077","2516","3843","thing","Excavation Earth","1","4","120","120","30","2021","1,2,3,4","3,4","12+","Some necessary text - easily memorized or small crib sheet","","","","","","standalone","","","","","","","","","","","","","","",""
"Excavation Earth: It Belongs in a Museum","341232","0","0","0","1","0","0","0","0","0","0","0","3","","Expansion
S-3-3","","","","138695197","5.55605","7.68923","3.8","0","1138","thing","Excavation Earth: It Belongs in a Museum","1","4","120","120","30","2023","1,3","3","","","","","","","","expansion","","","","","","","","","","","","","","",""
"Exceed Fighting System","224483","0","0","0","1","0","0","0","0","0","0","0","3","","2 players","","","","135496663","6.01534","8.03993","2.6522","3104","994","thing","Exceed Fighting System","2","2","30","30","5","2016","2","2","12+","Moderate in-game text - needs crib sheet or paste ups","","","","","","standalone","","","","","","","","","","","","","","",""
"Exceed: BlazBlue – Jin Box","316289","0","0","0","1","0","0","0","0","0","0","0","3","","2 players
 15 - 20 minutes","","","","139482582","5.54409","8.42195","3","14181","232","thing","Exceed: BlazBlue – Jin Box","2","2","20","20","15","2021","","","","","","","","","","standalone","","","","","","","","","","","","","","",""
"EXIT: The Game – Dead Man on the Orient Express","226522","0","0","0","1","0","0","0","0","0","0","0","3","","1 - 4 players
1 - 2 Hours
C-C-3","","","","139485033","6.90858","7.52729","2.6354","612","11286","thing","EXIT: The Game – Dead Man on the Orient Express","1","4","120","120","60","2017","1,2,3,4","2","12+","Unplayable in another language","","","","","","standalone","","","","","","","","","","","","","","",""
"EXIT: The Game – The Abandoned Cabin","203420","0","0","0","1","0","0","0","0","0","0","0","2","","1 - 4 players
1 - 2 Hours
C-C-3","","","","139293814","7.07095","7.39827","2.5377","423","17911","thing","EXIT: The Game – The Abandoned Cabin","1","6","120","120","60","2016","1,2,3,4","2","12+","Unplayable in another language","","","","","","standalone","","","","","","","","","","","","","","",""
"EXIT: The Game – The Catacombs of Horror","255675","0","0","0","1","0","0","0","0","0","0","0","3","","1 - 4 players
1 - 2 Hours
C-C-3","","","","139485016","6.3147","7.27438","2.7037","1825","4831","thing","EXIT: The Game – The Catacombs of Horror","1","4","240","240","120","2018","1,2,3,4","2","12+","Unplayable in another language","","","","","","standalone","","","","","","","","","","","","","","",""
"EXIT: The Game – The Enchanted Forest","295944","7.8","0","0","1","0","0","0","0","0","0","0","3","","One time play only","","","","138137157","6.09163","6.93689","1.9259","2712","3938","thing","EXIT: The Game – The Enchanted Forest","1","4","90","90","45","2020","1,2,3","2","10+","Unplayable in another language","","","","","","standalone","","","","","","","","","","","","","","",""
"EXIT: The Game – The Haunted Roller Coaster","269968","0","0","0","1","0","0","0","0","0","0","0","2","","1 - 4 players
1 - 2 Hours
C-C-3","","","","139294514","6.24324","7.0993","1.9744","2074","4414","thing","EXIT: The Game – The Haunted Roller Coaster","1","4","90","90","45","2019","1,2,3","2","10+","Extensive use of text - massive conversion needed to be playable","","","","","","standalone","","","","","","","","","","","","","","",""
"EXIT: The Game – The Lord of the Rings: Shadows over Middle-earth","341573","0","0","0","1","0","0","0","0","0","0","0","3","","1 - 4 players
1 - 2 Hours
C-C-3","","","","142834948","5.88728","6.4043","2.2667","3998","4845","thing","EXIT: The Game – The Lord of the Rings: Shadows over Middle-earth","1","4","90","90","45","2022","1,2,3","2","10+","Unplayable in another language","","","","","","standalone","","","","","","","","","","","","","","",""
"EXIT: The Game – The Mysterious Museum","244918","0","0","0","1","0","0","0","0","0","0","0","2","","1 - 4 players
1 - 2 Hours
C-C-3","","","","139294333","6.3557","7.07662","2.1277","1709","5573","thing","EXIT: The Game – The Mysterious Museum","1","4","90","90","45","2018","1,2,3","2","10+","Unplayable in another language","","","","","","standalone","","","","","","","","","","","","","","",""
"EXIT: The Game – The Professor's Last Riddle","356313","0","0","0","1","0","0","0","0","0","0","0","3","","1 - 4 players
1 - 2 Hours
C-C-3","","","","140295039","5.919","7.63261","2.4167","3743","1534","thing","EXIT: The Game – The Professor's Last Riddle","1","4","90","90","45","2022","1,2,3","2","12+","Extensive use of text - massive conversion needed to be playable","","","","","","standalone","","","","","","","","","","","","","","",""
"EXIT: The Game – The Stormy Flight","283797","0","0","0","1","0","0","0","0","0","0","0","3","","1 - 4 players
1 - 2 Hours
C-C-3","","","","139294980","5.99629","6.79003","1.913","3219","3454","thing","EXIT: The Game – The Stormy Flight","1","4","120","120","60","2019","1,2,3","2","10+","Extensive use of text - massive conversion needed to be playable","","","","","","standalone","","","","","","","","","","","","","","",""
"Exploding Kittens: Cat Burglar Edition","383201","0","0","0","1","0","0","0","0","0","0","0","3","","2 - 5 players","","","","135496554","0","6.15217","1.5","0","163","thing","Exploding Kittens: Cat Burglar Edition","2","5","30","30","15","2022","3,4","3","","","","","","","","standalone","","","","","","","","","","","","","","",""
"Exploding Kittens: The Board Game","447244","7","1","0","1","0","0","0","0","0","0","0","3","","2 - 6 players

cute fun a twist on the original card game, it falls short slightly on the amount of depth and limited movement discs","","","","135499001","5.51129","5.81236","1.2","22540","1307","thing","Exploding Kittens: The Board Game","2","6","20","20","20","2025","3,4","3","10+","Moderate in-game text - needs crib sheet or paste ups","","","","","","standalone","","","","","","","","","","","","","","",""
"Explorers of Navoria","371932","0","0","0","1","0","0","0","0","0","0","0","3","","","","","","143016700","6.52288","7.48886","2.2609","1282","5659","thing","Explorers of Navoria","2","4","80","80","40","2024","2,3,4","3","10+","No necessary in-game text","","","","","","standalone","","","","","","","","","","","","","","",""
"Explorers of the Woodlands","346205","8","0","0","1","0","0","0","0","0","0","0","3","","1 -4 players
45-60 minutes 
C-B-2
Co op 

Dungeon crawler fun","","","","138695379","5.72272","6.58033","2.1667","5934","2500","thing","Explorers of the Woodlands","1","4","60","60","45","2023","1,2,3,4","4","8+","Moderate in-game text - needs crib sheet or paste ups","","","","","","standalone","","","","","","","","","","","","","","",""
"Factory Funner","183284","0","0","0","1","0","0","0","0","0","0","0","3","","1 - 6 players
30 min
C-B-3
Tile laying","","","","138696718","6.26498","7.13891","2.4146","2000","4466","thing","Factory Funner","1","6","40","40","20","2016","1,2,3,4,5","4","12+","No necessary in-game text","","","","","","standalone","","","","","","","","","","","","","","",""
"Faeries & Magical Creatures","385245","0","0","0","1","0","0","0","0","0","0","0","3","","2-4 Playeres
30-60 Min 
B-A-3","","","","147094911","5.569","6.57104","2","11494","497","thing","Faeries & Magical Creatures","2","4","60","60","30","2023","2,3,4","3","12+","","","","","","","standalone","","","","","","","","","","","","","","",""
"Fairy Lights","336597","0","0","0","1","0","0","0","0","0","0","0","3","","2 - 6 players
20 min
C-B-1

Push your luck","","","","138696951","5.54104","6.44655","1.2","14653","406","thing","Fairy Lights","2","6","20","20","20","2022","","","","","","","","","","standalone","","","","","","","","","","","","","","",""
"A Fake Artist Goes to New York","135779","0","0","0","1","0","0","0","0","0","0","0","3","","","","","","146488569","6.79614","7.10291","1.0957","763","20973","thing","A Fake Artist Goes to New York","5","10","20","20","20","2011","5,6,7,8,9,10","6,7","8+","No necessary in-game text","","","","","","standalone","","","","","","","","","","","","","","",""
"Fakin' It!","432327","6.5","1","0","1","0","0","0","0","0","0","0","3","","3 - 6 players
15 minutes
C-B-5

Better as the video game. But everyone still had fun.","","","","135496412","0","6.92069","1","0","160","thing","Fakin' It!","3","6","15","15","15","2024","4,5,6","5,6","8+","Unplayable in another language","","","","","","standalone","","","","","","","","","","","","","","",""
"Falconry","381501","0","0","0","1","0","0","0","0","0","0","0","3","","2 - 4 players
5 - 15 min
C-B-5

Card","","","","138697395","5.46831","4.32833","1","30027","37","thing","Falconry","2","4","15","15","5","2023","2,3","2","8+","","","","","","","standalone","","","","","","","","","","","","","","",""
"Fallout Shelter: The Board Game","293889","10","0","0","1","0","0","0","0","0","0","0","3","","2 - 4 players

Hardcore Fallout fan. Love the theme. Easy to learn. ","","","","135500433","6.53834","7.22262","2.0278","1240","7900","thing","Fallout Shelter: The Board Game","2","4","90","90","60","2020","2,3,4","3","10+","Some necessary text - easily memorized or small crib sheet","","","","","","standalone","","","","","","","","","","","","","","",""
"Fallout: Wasteland Warfare","226176","0","0","0","1","0","0","0","0","0","0","0","3","","1-8 Players
60-120 Minutes","","","","147962380","5.80359","7.81151","3.6111","4774","1935","thing","Fallout: Wasteland Warfare","1","8","240","240","30","2018","1,2,3","2","12+","","","","","","","standalone","","","","","","","","","","","","","","",""
"Familiars and Foes","359966","0","0","0","1","0","0","0","0","0","0","0","3","","1-5 players
20-90 min 
S-3-2","","","","142834957","5.53334","7.34","2.3333","16054","248","thing","Familiars and Foes","1","5","90","90","20","2023","4,5","4,5","5+","Extensive use of text - massive conversion needed to be playable","","","","","","standalone","","","","","","","","","","","","","","",""
"Faraway","385761","0","0","0","1","0","0","0","0","0","0","0","3","","2-6 Players
15-30 Min 
C-B-1","","","","135946792","7.26957","7.53922","1.939","254","33464","thing","Faraway","2","6","30","30","15","2023","2,3,4,5","3","10+","No necessary in-game text","","","","","","standalone","","","","","","","","","","","","","","",""
"Farkle","3181","0","0","0","1","0","0","0","0","0","0","0","3","","2+ players","","","","135497399","5.56041","5.68542","1.1146","12236","9412","thing","Farkle","2","6","30","30","30","1930","2,3,4,5,6","3,4","6+","No necessary in-game text","","","","","","standalone","","","","","","","","","","","","","","",""
"Farms Race","395181","8.5","1","0","1","0","0","0","0","0","0","0","3","","2 - 4 players
60 - 120 minutes 
S-2-3

Playmats hanging on brown cabinet 
Territory building","","","","138695307","5.73642","7.42222","2.3333","5686","1002","thing","Farms Race","2","4","120","120","60","2024","3,4","3,4","10+","Some necessary text - easily memorized or small crib sheet","","","","","","standalone","","","","","","","","","","","","","","",""
"Farting Frenchies","320456","0","0","0","1","0","0","0","0","0","0","0","3","","2-12 Players
15-45 Min
C-B-1","","","","140294808","5.48939","5.11884","2","28336","308","thing","Farting Frenchies","2","12","45","45","15","2020","2,3,4","2","6–12","","","","","","","standalone","","","","","","","","","","","","","","",""
"Farting Frenchies: Labs Fart, Too!","338363","0","0","0","1","0","0","0","0","0","0","0","3","","Expansion 
C-B-1","","","","140294831","0","4.25","0","0","28","thing","Farting Frenchies: Labs Fart, Too!","2","12","45","45","15","2020","","","","","","","","","","expansion","","","","","","","","","","","","","","",""
"Feudum","163839","0","0","0","1","0","0","0","0","0","0","0","3","","","","","","147552100","6.76359","7.58043","4.5923","818","7331","thing","Feudum","2","5","180","180","80","2018","2,3,4,5","4","14+","No necessary in-game text","","","","","","standalone","","","","","","","","","","","","","","",""
"Feya's Swamp","438442","0","0","0","1","0","0","0","0","0","0","0","3","","2-4 Players
90 Minutes
S-3-2","","","","147962338","6.29397","7.60553","3.1923","1909","3120","thing","Feya's Swamp","2","4","100","100","80","2025","2,3,4","4","14+","No necessary in-game text","","","","","","standalone","","","","","","","","","","","","","","",""
"Fictions: Memoirs of a Gangster","378731","0","0","0","1","0","0","0","0","0","0","0","3","","1-4 Players
30-90 Min 
S-2-4","","","","136061019","5.57895","6.91785","1.8889","10716","431","thing","Fictions: Memoirs of a Gangster","1","4","90","90","30","2023","1,2,3,4","2,3","14+","Moderate in-game text - needs crib sheet or paste ups","","","","","","standalone","","","","","","","","","","","","","","",""
"Fight the Blight","359959","0","0","0","1","0","0","0","0","0","0","0","3","","2-6 Playres
15-30 Min 
C-B-1","","","","140199489","0","7.9","2","0","45","thing","Fight the Blight","2","6","30","30","15","2022","","","","","","","","","","standalone","","","","","","","","","","","","","","",""
"Final Girl","277659","8.2","1","0","1","0","0","0","0","0","0","0","3","","1 player
C-C-4","","","","137255105","7.60834","8.21156","2.7578","97","29157","thing","Final Girl","1","1","60","60","20","2021","1","1","14+","Moderate in-game text - needs crib sheet or paste ups","","","","","","standalone","","","","","","","","","","","","","","",""
"Final Girl: A Demon in the Shadows","438604","0","0","0","1","0","0","0","0","0","0","0","3","","1 player
C-C-4","","","","142315625","5.57829","8.79122","3","0","746","thing","Final Girl: A Demon in the Shadows","1","1","0","0","0","2025","1","1","14+","Moderate in-game text - needs crib sheet or paste ups","","","","","","expansion","","","","","","","","","","","","","","",""
"Final Girl: A Knock at the Door","354777","0","0","0","1","0","0","0","0","0","0","0","3","","1 player
C-C-4","","","","138427122","6.32536","8.50996","2.7826","0","7319","thing","Final Girl: A Knock at the Door","1","1","60","60","20","2023","1","1","14+","Moderate in-game text - needs crib sheet or paste ups","","","","","","expansion","","","","","","","","","","","","","","",""
"Final Girl: Frightmare on Maple Lane","310175","0","0","0","1","0","0","0","0","0","0","0","3","","1 player
C-C-4","","","","137255107","6.62335","8.23551","2.6905","0","11611","thing","Final Girl: Frightmare on Maple Lane","1","1","60","60","20","2021","1","1","14+","Moderate in-game text - needs crib sheet or paste ups","","","","","","expansion","","","","","","","","","","","","","","",""
"Final Girl: Panic at Station 2891","354776","0","0","0","1","0","0","0","0","0","0","0","3","","1 player
C-C-4","","","","138427094","6.35281","8.35985","2.9474","0","8095","thing","Final Girl: Panic at Station 2891","1","1","60","60","20","2023","1","1","14+","Moderate in-game text - needs crib sheet or paste ups","","","","","","expansion","","","","","","","","","","","","","","",""
"Final Girl: Terror From Above","310177","0","0","0","1","0","0","0","0","0","0","0","3","","1 player
C-C-4","","","","146488505","5.89039","7.86292","2.8182","0","6579","thing","Final Girl: Terror From Above","1","1","60","60","20","2021","1","1","12+","Moderate in-game text - needs crib sheet or paste ups","","","","","","expansion","","","","","","","","","","","","","","",""
"Final Girl: The Happy Trails Horror","307683","8.2","1","0","1","0","0","0","0","0","0","0","3","","1 player
C-C-4","","","","137255104","7.01255","8.19777","2.4706","0","16374","thing","Final Girl: The Happy Trails Horror","1","1","60","60","20","2021","1","1","14+","Moderate in-game text - needs crib sheet or paste ups","","","","","","expansion","","","","","","","","","","","","","","",""
"Final Girl: The Haunting of Creech Manor","307684","0","0","0","1","0","0","0","0","0","0","0","3","","1 player
C-C-4","","","","138427132","6.30895","7.79842","2.6538","0","9722","thing","Final Girl: The Haunting of Creech Manor","1","1","60","60","20","2021","1","1","14+","Moderate in-game text - needs crib sheet or paste ups","","","","","","expansion","","","","","","","","","","","","","","",""
"Finders Creepers","417073","0","0","0","1","0","0","0","0","0","0","0","3","","2 - 4 players
30-45 min 
S-3-1","","","","135500057","5.5287","6.58256","1","17090","483","thing","Finders Creepers","2","4","45","45","30","2024","2,3","2","8+","","","","","","","standalone","","","","","","","","","","","","","","",""
"Fire In The Hole","357963","8","1","0","1","0","0","0","0","0","0","0","3","","","","","","146873754","5.57213","6.79637","1","11257","697","thing","Fire In The Hole","2","4","40","40","15","2022","2,3,4","3,4","5","","","","","","","standalone","","","","","","","","","","","","","","",""
"Fire in the Library","240744","0","0","0","1","0","0","0","0","0","0","0","3","","1-6 Players
15-30 Min 
C-A-2","","","","147497741","5.69378","6.51814","1.4737","6483","1686","thing","Fire in the Library","1","6","30","30","15","2019","1,2,3,4,5,6","3,5","8+","Some necessary text - easily memorized or small crib sheet","","","","","","standalone","","","","","","","","","","","","","","",""
"Fire in the Library: Technology","263052","0","0","0","1","0","0","0","0","0","0","0","3","","","","","","147497760","5.52435","7.0922","1","0","331","thing","Fire in the Library: Technology","1","6","30","30","15","2019","1,2,3,4,5,6","1","","","","","","","","expansion","","","","","","","","","","","","","","",""
"Fire Tower","226605","0","0","0","1","0","0","0","0","0","0","0","3","","2 - 4 players","","","","135498905","6.26132","7.0739","1.7121","2017","7680","thing","Fire Tower","2","4","30","30","15","2019","2,3,4","4","8+","Moderate in-game text - needs crib sheet or paste ups","","","","","","standalone","","","","","","","","","","","","","","",""
"Fit to Print","352574","0","0","0","1","0","0","0","0","0","0","0","3","","1-6 players
15-30 min 
S-3-4","","","","136185377","6.62739","7.2999","2.1264","1053","9944","thing","Fit to Print","1","6","30","30","15","2023","1,2,3,4,5,6","4","10+","Some necessary text - easily memorized or small crib sheet","","","","","","standalone","","","","","","","","","","","","","","",""
"Five Nights at Freddy's: Survive 'Til 6AM","319288","7.2","1","0","1","0","0","0","0","0","0","0","3","","1 - 2 player
20 Min
C-B-4","","","","138388153","5.55125","6.25788","1.4","13198","772","thing","Five Nights at Freddy's: Survive 'Til 6AM","1","2","20","20","20","2020","1,2","2","8–12","No necessary in-game text","","","","","","standalone","","","","","","","","","","","","","","",""
"Flamecraft","336986","0","0","0","1","0","0","0","0","0","0","0","3","","1 - 5 players
60 Min
S-1-3","","","","135499196","7.08683","7.36641","2.1865","407","46563","thing","Flamecraft","1","5","60","60","60","2022","1,2,3,4,5","3","8+","Moderate in-game text - needs crib sheet or paste ups","","","","","","standalone","","","","","","","","","","","","","","",""
"Flamecraft Duals","439305","8.8","3","0","1","0","0","0","0","0","0","0","3","","1 - 2 player
30 minutes
C-B-4
You have multiple modes including introducing the fancy dragons great game to pull out as filler or simple fun.","","","","140031016","6.45705","7.95083","1.6591","1437","6730","thing","Flamecraft Duals","1","2","45","45","30","2025","1,2","2","8+","No necessary in-game text","","","","","","standalone","","","","","","","","","","","","","","",""
"Flamecraft: Dragons & Dragons","445543","0","0","0","1","0","0","0","0","0","0","0","3","","Expansion 
S-1-3","","","","148054093","5.6477","8.32039","2.3333","0","2745","thing","Flamecraft: Dragons & Dragons","1","5","60","60","60","2025","1,2,3,4","3","","","","","","","","expansion","","","","","","","","","","","","","","",""
"Flamecraft: Dragons of the Past Promo Pack","447867","0","0","0","1","0","0","0","0","0","0","0","3","","Expansion
S-1-3","","","","148054067","5.59859","8.14307","2","0","2049","thing","Flamecraft: Dragons of the Past Promo Pack","1","5","60","60","60","2025","","","","","","","","","","expansion","","","","","","","","","","","","","","",""
"Flip 7","420087","8","5","0","1","0","0","0","0","0","0","0","3","","","","","","139124296","6.99629","7.21388","1.0387","510","54975","thing","Flip 7","3","18","20","20","20","2024","3,4,5,6,7,8","5,6","6+","Some necessary text - easily memorized or small crib sheet","","","","","","standalone","","","","","","","","","","","","","","",""
"FlipToons","449185","9","10","0","1","0","0","0","0","0","0","0","3","","","","","","135538594","6.51821","7.31869","1.7255","1297","5448","thing","FlipToons","1","4","30","30","15","2025","1,2,3,4","3","10+","Moderate in-game text - needs crib sheet or paste ups","","","","","","standalone","","","","","","","","","","","","","","",""
"Floats McGoats","403639","7.8","0","0","1","0","0","0","0","0","0","0","3","","2 - 4 players
15 - 30 minutes
C-B-2","","","","135498040","5.52703","6.56668","1.5","17536","329","thing","Floats McGoats","2","4","30","30","15","2023","2,3,4","3,4","8+","","","","","","","standalone","","","","","","","","","","","","","","",""
"Flock Together","383360","9","1","0","1","0","0","0","0","0","0","0","1","","1-5 players
25-125 min 
S-2-1

Harder than expected","","","","139238457","5.93501","7.18939","2.4074","3625","2886","thing","Flock Together","1","5","125","125","25","2024","1,2,3,4","3","10+","Moderate in-game text - needs crib sheet or paste ups","","","","","","standalone","","","","","","","","","","","","","","",""
"Floristry","417518","0","0","0","1","0","0","0","0","0","0","0","3","","2 Players
15-20 minutes
C-B-4","","","","142834960","5.72072","7.04469","1.25","5963","1393","thing","Floristry","2","2","20","20","15","2025","2","2","8+","No necessary in-game text","","","","","","standalone","","","","","","","","","","","","","","",""
"Foodfighters","178839","0","0","0","1","0","0","0","0","0","0","0","3","","2 Players
20 - 30 Minutes
C-A-4","","","","143231328","5.6023","6.41997","1.3125","9366","924","thing","Foodfighters","2","2","30","30","20","2015","2","2","6+","Some necessary text - easily memorized or small crib sheet","","","","","","standalone","","","","","","","","","","","","","","",""
"Foodfighters: the S'Mores Expansion","183125","0","0","0","1","0","0","0","0","0","0","0","3","","Expansion
C-A-4","","","","143231334","0","6.42821","0","0","144","thing","Foodfighters: the S'Mores Expansion","2","2","30","30","20","2015","","","","","","","","","","expansion","","","","","","","","","","","","","","",""
"For the King (and Me)","333553","0","0","0","1","0","0","0","0","0","0","0","3","","2 - 5 Players
30 Minutes
C-B-2","","","","147998470","5.89992","6.88301","1.4194","3896","1961","thing","For the King (and Me)","2","5","30","30","30","2021","2,3,4,5","4","10+","No necessary in-game text","","","","","","standalone","","","","","","","","","","","","","","",""
"Forbidden Desert","136063","0","0","0","1","0","0","0","0","0","0","0","3","","2 - 5 players
45 min
Co-op","","","","136095796","6.9085","7.05745","2.04","613","59059","thing","Forbidden Desert","2","5","45","45","45","2013","1,2,3,4,5","4","8+","Some necessary text - easily memorized or small crib sheet","","","","","","standalone","","","","","","","","","","","","","","",""
"Forbidden Island","65244","0","0","0","1","0","0","0","0","0","0","0","3","","2 - 4 players","","","","135498200","6.63894","6.74851","1.7403","1035","101795","thing","Forbidden Island","2","4","30","30","30","2010","1,2,3,4","4","8+","Some necessary text - easily memorized or small crib sheet","","","","","","standalone","","","","","","","","","","","","","","",""
"Forbidden Jungle","380226","0","0","0","1","0","0","0","0","0","0","0","3","","2 - 5 players","","","","135498185","6.11217","7.2881","2.087","2621","5130","thing","Forbidden Jungle","2","5","45","45","45","2023","2,3,4","3","8+","Some necessary text - easily memorized or small crib sheet","","","","","","standalone","","","","","","","","","","","","","","",""
"Formaggio","430533","0","0","0","1","0","0","0","0","0","0","0","3","","1 - 4 players
40 minutes 
S-1-5

Farming cheese and wine","","","","138695011","6.43315","8.06061","2.3947","1504","4811","thing","Formaggio","1","4","45","45","30","2025","1,2,3,4","4","10+","Some necessary text - easily memorized or small crib sheet","","","","","","standalone","","","","","","","","","","","","","","",""
"Formidable Farm","448500","7.9","1","0","1","0","0","0","0","0","0","0","3","","1 - 4 Players
30 - 45 Minues
C-B-2","","","","147100216","5.82618","7.02478","1.8824","4547","1154","thing","Formidable Farm","1","4","45","45","30","2025","1,2,3,4","2","8+","No necessary in-game text","","","","","","standalone","","","","","","","","","","","","","","",""
"Fort","296912","8.5","1","0","1","0","0","0","0","0","0","0","3","","2 - 4 players
20-40 minutes
C-B-2

vibes from the classic Kids Next Door, your doing what all kids want to do hang out with friends, eat pizza and horde massive amounts of toys while building your dream fort.","","","","135496395","6.7574","7.054","2.4456","829","22483","thing","Fort","2","4","40","40","20","2020","2,3,4","3","10+","Some necessary text - easily memorized or small crib sheet","","","","","","standalone","","","","","","","","","","","","","","",""
"Fort: Cats & Dogs Expansion","341066","0","0","0","1","0","0","0","0","0","0","0","3","","In main game box
Expansion
C-B-2","","","","135554432","5.99262","7.46925","2.625","0","5467","thing","Fort: Cats & Dogs Expansion","2","4","40","40","20","2021","2,3,4","3,4","10+","Extensive use of text - massive conversion needed to be playable","","","","","","expansion","","","","","","","","","","","","","","",""
"Fossilis","280032","8","1","0","1","0","0","0","0","0","0","0","3","","2-5 players
45-60 min 
S-3-1","","","","142268920","6.05036","6.95933","2.2982","2938","3874","thing","Fossilis","2","5","60","60","45","2020","2,3,4,5","3","8+","Some necessary text - easily memorized or small crib sheet","","","","","","standalone","","","","","","","","","","","","","","",""
"Foundations of Rome (Maximus Edition)","422426","9","1","0","1","0","0","0","0","0","0","0","3","","2 - 5 players
60 minutes
S-5-5","","","","135500529","5.691","8.70127","2","0","516","thing","Foundations of Rome (Maximus Edition)","2","5","60","60","60","2024","1,2,3,4,5","3,4","10+","Moderate in-game text - needs crib sheet or paste ups","","","","","","standalone","","","","","","","","","","","","","","",""
"Fountains","440509","0","0","0","1","0","0","0","0","0","0","0","3","","1-5 Players
30-45 Min 
S-1-1","","","","137223662","5.88489","7.38116","2.1429","4018","1479","thing","Fountains","1","5","45","45","30","2025","1,2,3,4,5","3","10+","No necessary in-game text","","","","","","standalone","","","","","","","","","","","","","","",""
"The Fox Experiment","368432","0","0","0","1","0","0","0","0","0","0","0","3","","1-4 Players
60 Min 
S-1-4","","","","137223655","6.57378","7.31137","2.5825","1158","7580","thing","The Fox Experiment","1","4","60","60","60","2023","1,2,3,4","3,4","10+","Some necessary text - easily memorized or small crib sheet","","","","","","standalone","","","","","","","","","","","","","","",""
"The Fox in the Forest Duet","288169","0","0","0","1","0","0","0","0","0","0","0","3","","2 players
30 Minuutes
C-B-4","","","","135497118","6.42956","6.95653","1.7742","1514","10844","thing","The Fox in the Forest Duet","2","2","30","30","30","2020","2","2","10+","Some necessary text - easily memorized or small crib sheet","","","","","","standalone","","","","","","","","","","","","","","",""
"Foxglove Farm","466715","0","1","0","1","0","0","0","0","0","0","0","3","","","","","","146873675","5.55401","7.16829","2.4","12883","322","thing","Foxglove Farm","1","4","60","60","30","2026","2,3","2","","","","","","","","standalone","","","","","","","","","","","","","","",""
"Foxy","359318","7.7","2","0","1","0","0","0","0","0","0","0","3","","1 - 5 players
15 min
C-B-1

Memory deduction","","","","139487137","5.85684","7.09508","1","4251","1598","thing","Foxy","1","5","15","15","15","2022","1,2,3,4,5","2,3,4,5","8+","No necessary in-game text","","","","","","standalone","","","","","","","","","","","","","","",""
"Fractured Sky","370581","8.5","1","0","1","0","0","0","0","0","0","0","3","","1 - 5 players
45 - 75 minutes 
C-A-2

Area control","","","","138696120","6.2808","7.44934","2.375","1952","3721","thing","Fractured Sky","1","5","75","75","45","2024","3,4,5","4,5","12+","Some necessary text - easily memorized or small crib sheet","","","","","","standalone","","","","","","","","","","","","","","",""
"Fractured Sky: Rift","421463","0","0","0","1","0","0","0","0","0","0","0","3","","Expansion","","","","138696125","5.5568","8.01964","2","0","855","thing","Fractured Sky: Rift","2","5","75","75","45","2025","3,4,5","5","","","","","","","","expansion","","","","","","","","","","","","","","",""
"Fresco","66188","0","0","0","1","0","0","0","0","0","0","0","3","","2 - 4 players
60 min
S-1-3

Market","","","","138697184","6.96425","7.23866","2.6381","543","16849","thing","Fresco","2","4","60","60","60","2010","2,3,4","4","10+","No necessary in-game text","","","","","","standalone","","","","","","","","","","","","","","",""
"Fromage","384213","0","0","0","1","0","0","0","0","0","0","0","3","","1-4 Players
30-45 Min 
S-1-5","","","","139293881","7.1087","7.681","2.3726","384","11712","thing","Fromage","1","4","45","45","30","2024","1,2,3,4","4","12+","Some necessary text - easily memorized or small crib sheet","","","","","","standalone","","","","","","","","","","","","","","",""
"Frostpunk: The Board Game","311988","0","0","0","1","0","0","0","0","0","0","0","3","","1 - 4 players","","","","135499648","7.11563","8.12391","4.4092","377","11922","thing","Frostpunk: The Board Game","1","4","150","150","120","2022","1,2","1","16+","Extensive use of text - massive conversion needed to be playable","","","","","","standalone","","","","","","","","","","","","","","",""
"Funfair","315881","8","2","0","1","0","0","0","0","0","0","0","3","","2 - 4 player
30-60 Min 
S-1-2","","","","136809677","6.22448","7.3222","2.1212","2157","3468","thing","Funfair","2","4","60","60","30","2021","2,3,4","2","10+","Moderate in-game text - needs crib sheet or paste ups","","","","","","standalone","","","","","","","","","","","","","","",""
"Funkoverse Strategy Game: Aggretsuko 100","299275","0","0","0","1","0","0","0","0","0","0","0","3","","Expansion ","","","","135500566","5.57261","7.87532","0","0","601","thing","Funkoverse Strategy Game: Aggretsuko 100","2","2","60","60","20","2020","","","","","","","","","","expansion","","","","","","","","","","","","","","",""
"Funkoverse Strategy Game: Alice in Wonderland 100","332018","0","0","0","1","0","0","0","0","0","0","0","3","","2 players","","","","135500577","5.5655","6.9459","2","11785","914","thing","Funkoverse Strategy Game: Alice in Wonderland 100","2","2","60","60","20","2021","2","2","","","","","","","","standalone","","","","","","","","","","","","","","",""
"Furnace","318084","8","1","0","1","0","0","0","0","0","0","0","3","","","","","","135538901","7.08018","7.38306","2.3269","413","20114","thing","Furnace","2","4","60","60","30","2020","2,3,4","3,4","10+","Some necessary text - easily memorized or small crib sheet","","","","","","standalone","","","","","","","","","","","","","","",""
"Furnace: Interbellum","363077","0","0","0","1","0","0","0","0","0","0","0","3","","","","","","146488155","5.9791","7.66385","2.7895","0","4147","thing","Furnace: Interbellum","1","5","60","60","30","2022","1,2,3,4,5","3,4","14+","Moderate in-game text - needs crib sheet or paste ups","","","","","","expansion","","","","","","","","","","","","","","",""
"G.I. JOE Heroscape: Rumble at the Rift Battle Box","455688","0","0","0","1","0","0","0","0","0","0","0","3","","2 Players
? Minutes
C-A-3","","","","147301647","0","7.96875","2","0","112","thing","G.I. JOE Heroscape: Rumble at the Rift Battle Box","2","2","0","0","0","2026","2","2","","","","","","","","standalone","","","","","","","","","","","","","","",""
"Galactic Cruise","391137","0","0","0","1","0","0","0","0","0","0","0","3","","1 - 4 players
90 - 150 minutes","","","","139484223","7.56991","8.29726","3.9773","110","11621","thing","Galactic Cruise","1","4","150","150","90","2025","1,2,3,4","3","14+","Moderate in-game text - needs crib sheet or paste ups","","","","","","standalone","","","","","","","","","","","","","","",""
"Galaxy Trucker (Second Edition)","336794","0","0","0","1","0","0","0","0","0","0","0","3","","","","","","142316064","6.90235","7.41284","2.2636","626","15728","thing","Galaxy Trucker (Second Edition)","2","4","30","30","20","2021","2,3,4","3,4","8+","Some necessary text - easily memorized or small crib sheet","","","","","","standalone","","","","","","","","","","","","","","",""
"Galileo Project","352823","0","0","0","1","0","0","0","0","0","0","0","3","","2 - 4 players 
40 - 80 minutes 
S-1-1

Set collection","","","","138691909","6.04582","7.28851","2.75","2963","2797","thing","Galileo Project","2","4","80","80","40","2022","1,2,3,4","2,3","12+","No necessary in-game text","","","","","","standalone","","","","","","","","","","","","","","",""
"A Game of Cat & Mouth","321539","8","1","0","1","0","0","0","0","0","0","0","3","","2+ players
10 minutes
C-A-3
 
a game of stupid cat chaos fun, you and another player flick balls back and forth while trying to get rid of your collection.","","","","135642302","5.83809","6.63339","1","4429","3598","thing","A Game of Cat & Mouth","2","2","10","10","10","2020","2","2","5+","No necessary in-game text","","","","","","standalone","","","","","","","","","","","","","","",""
"Gardlings","416059","0","0","0","1","0","0","0","0","0","0","0","3","","1-4 Players
30 minutes
S-3-4","","","","147962454","5.85917","7.15836","1.6111","4235","1141","thing","Gardlings","1","4","45","45","20","2024","1,2,3,4","4","8+","","","","","","","standalone","","","","","","","","","","","","","","",""
"Gathering of the Wicked","343981","0","0","0","1","0","0","0","0","0","0","0","3","","6 - 12 players
30 minutes
C-B-5","","","","135497424","5.55627","6.60364","1.6667","12638","1620","thing","Gathering of the Wicked","6","12","30","30","30","2021","7,8,9,10,11,12","10","8+","No necessary in-game text","","","","","","standalone","","","","","","","","","","","","","","",""
"Gatsby","433908","7.7","1","0","1","0","0","0","0","0","0","0","3","","2 players
30 min
C-B-4

Tactical duel

1920 era game seeking influence fun for a couple","","","","138696806","5.73692","6.6726","2","5675","860","thing","Gatsby","2","2","30","30","30","2025","2","2","10+","No necessary in-game text","","","","","","standalone","","","","","","","","","","","","","","",""
"Gazebo","440023","0","0","0","1","0","0","0","0","0","0","0","3","","2 4 players 
30 minutes 
C-B-1

Area control tile placement","","","","138691769","5.88118","7.4796","2","4054","1283","thing","Gazebo","2","4","30","30","30","2025","2,3,4","2","8+","No necessary in-game text","","","","","","standalone","","","","","","","","","","","","","","",""
"General Orders: World War II","381435","7","1","0","1","0","0","0","0","0","0","0","3","","","","","","140198943","6.06652","7.38216","2.1935","2853","2607","thing","General Orders: World War II","2","2","30","30","30","2023","2","2","10+","Moderate in-game text - needs crib sheet or paste ups","","","","","","standalone","","","","","","","","","","","","","","",""
"A Gentle Rain","334011","8.5","4","0","1","0","0","0","0","0","0","0","3","","1 Player 
15 Min 
Relaxing Puzzle
C-C-4
Great when you want something to do while watching tv, a movie, or listening to audio book/ podcast.","","","","135538346","6.67004","7.62126","1.1038","973","10038","thing","A Gentle Rain","1","1","15","15","15","2021","1","1","5+","No necessary in-game text","","","","","","standalone","","","","","","","","","","","","","","",""
"Getaway Driver","253719","0","0","0","1","0","0","0","0","0","0","0","3","","2 players
30 Minutes 
C-B-4","","","","135497063","5.83654","6.49652","2.5385","4446","3826","thing","Getaway Driver","2","2","45","45","30","2019","1,2","2","10+","Moderate in-game text - needs crib sheet or paste ups","","","","","","standalone","","","","","","","","","","","","","","",""
"Ghost Fightin' Treasure Hunters","146312","0","0","0","1","0","0","0","0","0","0","0","3","","2 - 5 players","","","","135498502","6.52315","7.13112","1.6241","1281","9391","thing","Ghost Fightin' Treasure Hunters","2","4","30","30","30","2013","1,2,3,4","4","5+","No necessary in-game text","","","","","","standalone","","","","","","","","","","","","","","",""
"Gingham","440024","0","0","0","1","0","0","0","0","0","0","0","3","","2 - 4 players 
40 minutes 
C-B-1

Auction","","","","138691862","5.67857","7.25012","2.3333","6839","683","thing","Gingham","2","4","40","40","20","2025","2,3,4","2,3,4","","","","","","","","standalone","","","","","","","","","","","","","","",""
"Gizmos","246192","0","0","0","1","0","0","0","0","0","0","0","3","","","","","","143016688","7.07405","7.35972","2.0557","419","19086","thing","Gizmos","2","4","50","50","40","2018","2,3,4","3","8+","No necessary in-game text","","","","","","standalone","","","","","","","","","","","","","","",""
"Gloomhaven: Jaws of the Lion","291457","0","0","0","1","0","0","0","0","0","0","0","3","","1 - 4 players","","","","135499821","8.09248","8.35446","3.6412","12","89870","thing","Gloomhaven: Jaws of the Lion","1","4","120","120","30","2020","1,2,3,4","2","12+","Extensive use of text - massive conversion needed to be playable","","","","","","standalone","","","","","","","","","","","","","","",""
"Gloomies","433386","0","0","0","1","0","0","0","0","0","0","0","3","","2 - 4 players
50 min
S-3-1

Set collection","","","","138696904","5.71267","7.11224","1.8571","6097","1147","thing","Gloomies","2","4","60","60","45","2025","2,3,4","3","5+","","","","","","","standalone","","","","","","","","","","","","","","",""
"Gnome Hollow","332885","0","0","0","1","0","0","0","0","0","0","0","3","","2-4 players
45-60 min 
S-2-1","","","","147094906","6.02565","6.91985","2.4667","3064","3291","thing","Gnome Hollow","2","4","60","60","45","2024","2,3","3","10+","No necessary in-game text","","","","","","standalone","","","","","","","","","","","","","","",""
"Goats & Goblins","446580","8","2","0","1","0","0","0","0","0","0","0","3","","","","","","141988769","5.56677","7.27381","1.3333","11688","385","thing","Goats & Goblins","2","6","30","30","20","2025","3,4,5,6","5","8+","","","","","","","standalone","","","","","","","","","","","","","","",""
"Gold Nugget","378916","0","0","0","1","0","0","0","0","0","0","0","3","","2-5 Players
20 Minutes","","","","147962464","5.53337","6.76853","1.8333","16048","418","thing","Gold Nugget","2","5","20","20","20","2024","3,4,5","4","10+","","","","","","","standalone","","","","","","","","","","","","","","",""
"Golden Goal","466908","7.6","0","0","1","0","0","0","0","0","0","0","3","","2 Player
15 Min 
C-B-3
Like the game great time to release the game with fifa in the USA.  Wish the cloth didn’t have so many wrinkles that can obstruct the game.","","","","146863703","5.51857","6.05152","1.3333","20055","308","thing","Golden Goal","2","2","15","15","15","2026","2","2","4+","","","","","","","standalone","","","","","","","","","","","","","","",""
"The Golden Ticket Game","342010","0","0","0","1","0","0","0","0","0","0","0","3","","2-5 players 
20-30 min
B-A-3","","","","147761063","5.79225","6.76634","1.5652","4921","2333","thing","The Golden Ticket Game","2","5","30","30","20","2021","2,3,4,5","4","8+","Moderate in-game text - needs crib sheet or paste ups","","","","","","standalone","","","","","","","","","","","","","","",""
"Good Puppers!","295147","0","0","0","1","0","0","0","0","0","0","0","3","","2 - 5 players","","","","135497138","5.68613","6.56905","1.8571","6661","1438","thing","Good Puppers!","2","5","30","30","15","2021","2,3,4","2,3","8+","Moderate in-game text - needs crib sheet or paste ups","","","","","","standalone","","","","","","","","","","","","","","",""
"Goosebumps: The Game","415876","0","0","0","1","0","0","0","0","0","0","0","3","","2 - 4 players
30 - 60 min","","","","139487256","0","6.95154","1","0","157","thing","Goosebumps: The Game","2","4","60","60","30","2024","1,2,3,4","4","","","","","","","","standalone","","","","","","","","","","","","","","",""
"Gorilla Marketing","254681","0","0","0","1","0","0","0","0","0","0","0","3","","3-8 Players
20-40 minutes
C-A-5","","","","147551983","5.6483","6.89659","1.4","7596","645","thing","Gorilla Marketing","3","8","40","40","20","2020","4,5,6,7,8","5,6,7,8","14+","","","","","","","standalone","","","","","","","","","","","","","","",""
"GPS","305984","0","0","0","1","0","0","0","0","0","0","0","3","","2 - 5 players
10 minutes
C-B-3
Race","","","","138694168","5.43148","5.23605","1.0714","30681","2822","thing","GPS","2","5","10","10","10","2020","2,3,4,5","3,4","6+","No necessary in-game text","","","","","","standalone","","","","","","","","","","","","","","",""
"Graft","445423","0","0","0","1","0","0","0","0","0","0","0","3","","3 - 5 players
40 minutes 
C-B-1

Deck builder","","","","138693940","5.66105","7.18185","2","7241","1015","thing","Graft","3","5","40","40","40","2025","3,4,5","3,4,5","10+","Some necessary text - easily memorized or small crib sheet","","","","","","standalone","","","","","","","","","","","","","","",""
"The Grand Carnival","289081","8.3","2","0","1","0","0","0","0","0","0","0","3","","1-4 players
45-60 min 
S-2-3","","","","135664345","6.2973","7.4975","2.2045","1896","3181","thing","The Grand Carnival","1","4","60","60","45","2020","1,2,3,4","2","10+","Some necessary text - easily memorized or small crib sheet","","","","","","standalone","","","","","","","","","","","","","","",""
"Great Plains","330036","0","0","0","1","0","0","0","0","0","0","0","3","","2 players
20 minutes
C-B-4","","","","140148638","6.17692","7.02313","1.6863","2329","3944","thing","Great Plains","2","2","20","20","20","2021","2","2","8+","No necessary in-game text","","","","","","standalone","","","","","","","","","","","","","","",""
"Grind House","263894","8","2","0","1","0","0","0","0","0","0","0","3","","2 - 6 player
20-30 Min 
C-C-1","","","","136565288","5.59468","6.48667","1","9782","699","thing","Grind House","2","6","30","30","20","2020","3,4,5,6","5,6","","","","","","","","standalone","","","","","","","","","","","","","","",""
"Grind House: Expansion Collection","451706","0","0","0","1","0","0","0","0","0","0","0","3","","Expansion
C-C-1","","","","139483069","0","7.125","0","0","47","thing","Grind House: Expansion Collection","2","8","30","30","20","2025","","","","","","","","","","expansion","","","","","","","","","","","","","","",""
"Gruntz","439561","0","0","0","1","0","0","0","0","0","0","0","3","","2 Players
20 Min
C-B-3","","","","146863667","5.62689","7.30306","2.1111","8281","1345","thing","Gruntz","2","2","30","30","10","2026","2","2","14+","Moderate in-game text - needs crib sheet or paste ups","","","","","","standalone","","","","","","","","","","","","","","",""
"Gunrunners","119899","0","0","0","1","0","0","0","0","0","0","0","3","","2 - 4 players","","","","135497091","5.57812","6.37339","1.1818","10780","581","thing","Gunrunners","2","4","30","30","30","2013","2,3,4","2","12+","No necessary in-game text","","","","","","standalone","","","","","","","","","","","","","","",""
"Gwent: The Legendary Card Game","434222","0","0","0","1","0","0","0","0","0","0","0","3","","1 - 5 players
20 minutes 
Card game","","","","138694114","5.94932","7.53557","1.8621","3522","3665","thing","Gwent: The Legendary Card Game","1","5","20","20","20","2025","2","2","10+","Some necessary text - easily memorized or small crib sheet","","","","","","standalone","","","","","","","","","","","","","","",""
"Habitats","200853","8.5","1","0","1","0","0","0","0","0","0","0","3","","1- 5 players

wonderful build your own zoo, each turn drive your jeep and collect the right fit in this tile laying game.","","","","135719382","6.54856","7.3098","2.0423","1211","5483","thing","Habitats","1","5","50","50","30","2016","1,2,3,4,5","3","8+","No necessary in-game text","","","","","","standalone","","","","","","","","","","","","","","",""
"Hadrian's Wall","304783","0","0","0","1","0","0","0","0","0","0","0","3","","1-6 Players
30-60 Min 
C-A-2","","","","148000200","7.40834","7.86807","3.1746","173","17860","thing","Hadrian's Wall","1","6","60","60","30","2021","1,2,3","1","12+","Some necessary text - easily memorized or small crib sheet","","","","","","standalone","","","","","","","","","","","","","","",""
"Ham Helsing","439662","0","0","0","1","0","0","0","0","0","0","0","3","","1-4 Players
60-90 Minutes
S-1-3","","","","135548292","5.60435","7.17346","2.7273","9262","507","thing","Ham Helsing","1","4","90","90","60","2025","1,2,3,4","4","10+","","","","","","","standalone","","","","","","","","","","","","","","",""
"Hand-to-Hand Wombat","356909","0","0","0","1","0","0","0","0","0","0","0","3","","3 - 6 players
15 minutes
C-B-5","","","","135500210","5.71226","6.19062","1.125","6107","4004","thing","Hand-to-Hand Wombat","3","6","15","15","15","2022","4,5,6","5","8+","Some necessary text - easily memorized or small crib sheet","","","","","","standalone","","","","","","","","","","","","","","",""
"Happy Home","419997","0","0","0","1","0","0","0","0","0","0","0","3","","2 - 5 Players
20 - 45 Minutes
C-B-2","","","","135498048","5.65271","6.6944","1.75","7473","928","thing","Happy Home","2","5","45","45","20","2024","2,3,4","3","8+","","","","","","","standalone","","","","","","","","","","","","","","",""
"Happy Little Dinosaurs","325414","0","0","0","1","0","0","0","0","0","0","0","3","","2 - 4 players
30-60 Min 
C-A-1","","","","135496533","5.82483","6.14874","1.3836","4565","15683","thing","Happy Little Dinosaurs","2","4","60","60","30","2021","3,4","4","8+","Extensive use of text - massive conversion needed to be playable","","","","","","standalone","","","","","","","","","","","","","","",""
"Harmonies","414317","8.3","1","0","1","0","0","0","0","0","0","0","3","","1 - 4 player
30 - 45 Minutes
C-B-2","","","","136095881","7.76698","8.03169","2.0083","53","54104","thing","Harmonies","1","4","45","45","30","2024","1,2,3,4","2,3","8+","No necessary in-game text","","","","","","standalone","","","","","","","","","","","","","","",""
"Harry Potter Sequence","2375","0","0","0","1","0","0","0","0","0","0","0","3","","Harry Potter 2 - 12 players
10-30 Min 
S-2-3","","","","135500392","5.98145","6.18979","1.3055","3312","30086","thing","Sequence","2","12","30","30","10","2021","2,3,4,6","3,4","6+","No necessary in-game text","","","","","","standalone","","","","","","","","","","","","Goliath Games","English","2021","Harry Potter Edition"
"Harry Potter: Catch the Golden Snitch","344814","0","0","0","1","0","0","0","0","0","0","0","3","","3 - 4 players","","","","135497020","5.48969","5.33295","0","28306","494","thing","Harry Potter: Catch the Golden Snitch","3","4","15","15","5","2021","","","","","","","","","","standalone","","","","","","","","","","","","","","",""
"Harry Potter: House Cup Competition","303006","0","0","0","1","0","0","0","0","0","0","0","3","","2 - 4 players","","","","135499803","5.74545","6.69617","2.1875","5556","2036","thing","Harry Potter: House Cup Competition","2","4","75","75","75","2020","2,3,4","4","10+","Extensive use of text - massive conversion needed to be playable","","","","","","standalone","","","","","","","","","","","","","","",""
"Harvest","395623","0","0","0","1","0","0","0","0","0","0","0","3","","2 - 4 player
30-60 min 
S-3-3","","","","136127325","6.36993","7.40715","2.5753","1677","4751","thing","Harvest","1","4","60","60","30","2024","1,2,3,4","3","10+","Some necessary text - easily memorized or small crib sheet","","","","","","standalone","","","","","","","","","","","","Keymaster Games","English","2024","English Golden edition, first printing"
"Harvest: Fall Festival","430313","0","0","0","1","0","0","0","0","0","0","0","3","","Expansion
S-3-3","","","","136127322","5.61084","8.35777","2.6667","0","1012","thing","Harvest: Fall Festival","1","4","60","60","30","2025","1,2,3,4","3","","","","","","","","expansion","","","","","","","","","","","","","","",""
"Harvest: Street Fair","450582","0","0","0","1","0","0","0","0","0","0","0","3","","Expansion
S-3-3","","","","136127339","5.53338","8.34242","3","0","223","thing","Harvest: Street Fair","1","4","60","60","30","2025","","","","","","","","","","expansion","","","","","","","","","","","","","","",""
"Hats","281658","8","2","0","1","0","0","0","0","0","0","0","3","","2-4 Players
20-30 Min 
C-A-2","","","","137832337","5.92484","6.74477","2.027","3688","2831","thing","Hats","2","4","30","30","20","2019","2,3,4","2","10+","No necessary in-game text","","","","","","standalone","","","","","","","","","","","","","","",""
"Haunt the House","232403","0","0","0","1","0","0","0","0","0","0","0","3","","","","","","143231359","5.63406","6.6995","2","8038","1087","thing","Haunt the House","2","5","40","40","30","2018","2,3,4,5","4","8+","Some necessary text - easily memorized or small crib sheet","","","","","","standalone","","","","","","","","","","","","","","",""
"Heiki Strike Alternative","279905","0","0","0","1","0","0","0","0","0","0","0","3","","2 players","","","","135498218","0","7.42105","1.5","0","65","thing","Heiki Strike Alternative","2","2","45","45","30","2019","","","","","","","","","","standalone","","","","","","","","","","","","","","",""
"Hercules and the 12 Labors","436038","8.4","1","0","1","0","0","0","0","0","0","0","3","","1 Player 
C-C-4","","","","142291598","5.82396","7.42767","2.375","4573","2123","thing","Hercules and the 12 Labors","1","1","60","60","30","2025","1","1","14+","","","","","","","standalone","","","","","","","","","","","","","","",""
"Herd Mentality","311322","0","0","0","1","0","0","0","0","0","0","0","3","","4 - 20 players","","","","135500319","6.14572","6.58935","1","2464","10614","thing","Herd Mentality","4","20","30","30","20","2020","5,6,7,8,9,10,11,12,13,14","7,8","8+","Moderate in-game text - needs crib sheet or paste ups","","","","","","standalone","","","","","","","","","","","","","","",""
"Here to Slay","299252","0","0","0","1","0","0","0","0","0","0","0","3","","","","","","138694300","6.42931","6.87092","1.6912","1516","26615","thing","Here to Slay","2","6","60","60","30","2024","2,3,4,5","3,4","10+","Moderate in-game text - needs crib sheet or paste ups","","","","","","standalone","","","","","","","","","","","","Unstable Games","English","2024","English Exclusive second edition"
"Here to Sleigh: A Here to Slay Expansion Pack","375223","0","0","0","1","0","0","0","0","0","0","0","3","","","","","","136095569","5.56998","6.85235","2","0","1949","thing","Here to Sleigh: A Here to Slay Expansion Pack","2","4","60","60","30","2022","2,3,4","2","","Extensive use of text - massive conversion needed to be playable","","","","","","expansion","","","","","","","","","","","","","","",""
"Hershey's S'mores Perfectly Toasted Game","398928","0","0","0","1","0","0","0","0","0","0","0","3","","3 - 6 players
25 minutes
C-B-5","","","","135498143","0","6.03333","0","0","58","thing","Hershey's S'mores Perfectly Toasted Game","3","6","25","25","25","2022","","","","","","","","","","standalone","","","","","","","","","","","","","","",""
"Hex Effects","420737","0","0","0","1","0","0","0","0","0","0","0","3","","2 - 8 players","","","","136095812","5.59921","7.00837","1.3333","9512","726","thing","Hex Effects","2","8","30","30","10","2025","3,4,5","3,4","8","Some necessary text - easily memorized or small crib sheet","","","","","","standalone","","","","","","","","","","","","","","",""
"Hey, That's My Fish!","8203","7.3","1","0","1","0","0","0","0","0","0","0","3","","2 - 4 players","","","","136185339","6.57133","6.69899","1.4447","1162","30469","thing","Hey, That's My Fish!","2","4","20","20","20","2003","2,3,4","3","6+","No necessary in-game text","","","","","","standalone","","","","","","","","","","","","","","",""
"High Rise","254888","0","0","0","1","0","0","0","0","0","0","0","3","","2 - 4 players 
90 - 120 minutes
City building","","","","138691950","5.8232","7.12902","2.9412","4580","1349","thing","High Rise","1","4","150","150","100","2020","2,3,4","3,4","","Some necessary text - easily memorized or small crib sheet","","","","","","standalone","","","","","","","","","","","","","","",""
"High Tide","430875","0","0","0","1","0","0","0","0","0","0","0","3","","2 Players
5-15 minutes
C-A-3","","","","146488685","5.70568","7.39425","1.1111","6235","786","thing","High Tide","2","2","15","15","5","2024","2","2","8+","No necessary in-game text","","","","","","standalone","","","","","","","","","","","","","","",""
"Honey Buzz","284742","0","0","0","1","0","0","0","0","0","0","0","1","","1-4 players
45-90 Min 
S-2-4","","","","135501534","7.02933","7.49267","2.7261","471","20224","thing","Honey Buzz","1","4","90","90","45","2020","1,2,3,4","3","10+","Some necessary text - easily memorized or small crib sheet","","","","","","standalone","","","","","","","","","","","","","","",""
"Honey Buzz","284742","0","0","0","1","0","0","0","0","0","0","0","3","","","","","","135946176","7.02933","7.49267","2.7261","471","20224","thing","Honey Buzz","1","4","90","90","45","2020","1,2,3,4","3","10+","Some necessary text - easily memorized or small crib sheet","","","","","","standalone","","","","","","","","","","","","","","",""
"Honey Buzz: Fall Flavors","349725","0","0","0","1","0","0","0","0","0","0","0","3","","Expansion 
S-2-4","","","","135946192","5.81251","8.07134","2.875","0","3673","thing","Honey Buzz: Fall Flavors","1","4","90","90","45","2024","1,2,3,4","1,2","10+","Some necessary text - easily memorized or small crib sheet","","","","","","expansion","","","","","","","","","","","","","","",""
"Horrible Therapist","430572","0","0","0","1","0","0","0","0","0","0","0","3","","3 - 8 players
15 - 60 minutes
C-B-5","","","","135496505","5.44801","5.16737","1","30523","1407","thing","Horrible Therapist","3","8","60","60","15","2024","3,4,5,6,7,8","5,6","16+","Unplayable in another language","","","","","","standalone","","","","","","","","","","","","","","",""
"Horrified","282524","0","0","0","1","0","0","0","0","0","0","0","3","","1 - 5 players
60 minutes 
S-1-4

Co op","","","","138690301","7.29033","7.5843","2.0239","246","39937","thing","Horrified","1","5","60","60","60","2019","1,2,3,4,5","3","8+","Moderate in-game text - needs crib sheet or paste ups","","","","","","standalone","","","","","","","","","","","","","","",""
"Horrified: American Monsters","343562","8","1","0","1","0","0","0","0","0","0","0","3","","1-5 players
60 minutes
S-1-4","","","","138235074","6.6138","7.41611","2.2456","1081","10574","thing","Horrified: American Monsters","1","5","60","60","60","2021","1,2,3,4,5","2,3","10+","Moderate in-game text - needs crib sheet or paste ups","","","","","","standalone","","","","","","","","","","","","","","",""
"Horrified: Dungeons & Dragons","437705","0","0","0","1","0","0","0","0","0","0","0","3","","1 - 5 players
60 minutes 
S-1-4","","","","135498252","6.01337","7.32907","2.1818","3118","4480","thing","Horrified: Dungeons & Dragons","1","5","60","60","45","2025","1,2,3,4,5","3,4","10+","Moderate in-game text - needs crib sheet or paste ups","","","","","","standalone","","","","","","","","","","","","","","",""
"Horrified: Greek Monsters","397897","0","0","0","1","0","0","0","0","0","0","0","3","","1 - 5 players
60 minutes 
S-1-4","","","","135498290","6.28217","7.44286","2.2308","1950","6693","thing","Horrified: Greek Monsters","1","5","60","60","60","2023","1,2,3,4","1","10+","Moderate in-game text - needs crib sheet or paste ups","","","","","","standalone","","","","","","","","","","","","","","",""
"Horrified: World of Monsters","423434","0","0","0","1","0","0","0","0","0","0","0","3","","1 - 5 players
60 minutes 
S-1-4","","","","135498266","5.93432","7.15838","2.35","3632","4408","thing","Horrified: World of Monsters","1","5","60","60","60","2024","1,2,3,4","2","8+","Moderate in-game text - needs crib sheet or paste ups","","","","","","standalone","","","","","","","","","","","","","","",""
"Hot Streak","446497","0","7","0","1","0","0","0","0","0","0","0","3","","2-8 Players
20 Min 
S-2-3","","","","139209965","7.19455","7.8115","1.1983","311","12999","thing","Hot Streak","2","8","20","20","20","2025","3,4,5,6,7,8","5,6","6+","Some necessary text - easily memorized or small crib sheet","","","","","","standalone","","","","","","","","","","","","","","",""
"House of 1000 Corpses","411391","0","0","0","1","0","0","0","0","0","0","0","3","","1 - 4 players
30 - 60 min
S-1-1","","","","139486825","5.57344","7.90805","2.5","11129","366","thing","House of 1000 Corpses","1","4","60","60","30","2025","1,2,3,4","4","16+","","","","","","","standalone","","","","","","","","","","","","","","",""
"Hummingbirds","423404","0","0","0","1","0","0","0","0","0","0","0","3","","","","","","147070066","5.64092","7.28911","1.5","7819","749","thing","Hummingbirds","2","4","15","15","10","2026","2,3,4","3","","","","","","","","standalone","","","","","","","","","","","","","","",""
"The Hunger","339906","0","0","0","1","0","0","0","0","0","0","0","3","","2 - 6 players
60 min
S-1-4","","","","139485650","6.40575","6.99452","2.337","1580","8518","thing","The Hunger","2","6","60","60","60","2021","2,3,4,5","3,4","10+","Extensive use of text - massive conversion needed to be playable","","","","","","standalone","","","","","","","","","","","","","","",""
"Hunted: Kobayashi Tower","289566","7.7","1","0","1","0","0","0","0","0","0","0","3","","1-2 Players
20 min
C-C-4","","","","137958602","5.64023","6.84478","2","7845","979","thing","Hunted: Kobayashi Tower","1","2","25","25","15","2021","1","1","12+","Some necessary text - easily memorized or small crib sheet","","","","","","standalone","","","","","","","","","","","","","","",""
"Hunted: Mining Colony 415","289565","0","0","0","1","0","0","0","0","0","0","0","3","","1 player
20 Min 
C-C-4","","","","146873721","5.63365","6.87004","1.8182","8047","945","thing","Hunted: Mining Colony 415","1","2","25","25","15","2021","1,2","1","12+","Moderate in-game text - needs crib sheet or paste ups","","","","","","standalone","","","","","","","","","","","","","","",""
"Hunted: North Pole (2nd Edition)","428891","0","0","0","1","0","0","0","0","0","0","0","3","","1 players 
10 - 20 min
C-C-4","","","","139487124","5.52734","7.10244","1.75","17457","227","thing","Hunted: North Pole (2nd Edition)","1","2","20","20","10","2024","1","1","","","","","","","","standalone","","","","","","","","","","","","","","",""
"Ice and Idols","423013","0","0","0","1","0","0","0","0","0","0","0","3","","2 - 4 players
45 - 60 min
S-1-3","","","","139485576","5.59975","6.89616","2.25","9481","629","thing","Ice and Idols","2","4","60","60","45","2025","2","2","","Some necessary text - easily memorized or small crib sheet","","","","","","standalone","","","","","","","","","","","","","","",""
"Ichor","420915","0","0","0","1","0","0","0","0","0","0","0","3","","2 Players
40 minutes
C-B-4","","","","140148653","5.92226","7.2782","1.9375","3710","2061","thing","Ichor","2","2","40","40","40","2025","2","2","8+","Some necessary text - easily memorized or small crib sheet","","","","","","standalone","","","","","","","","","","","","","","",""
"Iliad","420914","0","0","0","1","0","0","0","0","0","0","0","3","","2 Players
30 Minutes
C-B-4","","","","140148659","6.30105","7.65567","2","1881","3345","thing","Iliad","2","2","30","30","30","2025","2","2","10+","No necessary in-game text","","","","","","standalone","","","","","","","","","","","","","","",""
"Imperial Settlers: Roll & Write","270836","0","0","0","1","0","0","0","0","0","0","0","3","","1 - 4 Players
30 Minutes
C-B-2","","","","140294904","5.86341","6.24495","1.878","4194","5469","thing","Imperial Settlers: Roll & Write","1","4","30","30","30","2019","1,2","1","10+","Some necessary text - easily memorized or small crib sheet","","","","","","standalone","","","","","","","","","","","","","","",""
"Imperium: Legends","318182","0","0","0","1","0","0","0","0","0","0","0","3","","1 - 4 players","","","","135498557","7.04698","7.84312","3.7561","454","13502","thing","Imperium: Legends","1","4","160","160","40","2021","1,2","1,2","14+","Extensive use of text - massive conversion needed to be playable","","","","","","standalone","","","","","","","","","","","","","","",""
"Infiltraitors","353945","0","0","0","1","0","0","0","0","0","0","0","3","","","","","","142315581","5.87874","7.16971","2.0909","4067","1635","thing","Infiltraitors","2","5","30","30","20","2023","2,3,4,5","3","10+","No necessary in-game text","","","","","","standalone","","","","","","","","","","","","","","",""
"The Initiative","328908","0","0","0","1","0","0","0","0","0","0","0","3","","1-4 Players
30-60 Min
C-C-3","","","","146488114","6.50144","7.50688","2.0317","1335","6877","thing","The Initiative","1","4","60","60","30","2021","2,3,4","4","10+","Unplayable in another language","","","","","","standalone","","","","","","","","","","","","","","",""
"Intent to Kill","409572","0","0","0","1","0","0","0","0","0","0","0","3","","2-4 Players
60 Min
S-1-4","","","","143448484","5.97357","7.53828","2.3947","3365","1813","thing","Intent to Kill","2","4","60","60","60","2024","2,3","2","14+","Moderate in-game text - needs crib sheet or paste ups","","","","","","standalone","","","","","","","","","","","","","","",""
"Inter-Galactic Plumber","438887","7.7","1","0","1","0","0","0","0","0","0","0","3","","2 - 6 Players
20-30 minutes
C-B-2","","","","144434972","0","6.14167","0","0","33","thing","Inter-Galactic Plumber","2","6","30","30","20","2024","","","","","","","","","","standalone","","","","","","","","","","","","","","",""
"The Isle of Cats","281259","8","2","0","1","0","0","0","0","0","0","0","3","","1 - 4 players 
60 - 90 min
S-2-1

Tile laying

Fun cat theme tile laying. If you like tile laying you will probably like this","","","","138693494","7.35961","7.60606","2.3597","203","43934","thing","The Isle of Cats","1","4","90","90","60","2019","1,2,3,4","3","8+","Moderate in-game text - needs crib sheet or paste ups","","","","","","standalone","","","","","","","","","","","","","","",""
"The Isle of Cats Duel","431718","7.8","1","0","1","0","0","0","0","0","0","0","3","","2 players
30 minutes
C-B-4

Like the larger version with a few differences that make it differently enough to justify owning both.","","","","139482301","5.88738","7.53379","2.2","3997","1709","thing","The Isle of Cats Duel","2","2","30","30","30","2024","2","2","","Some necessary text - easily memorized or small crib sheet","","","","","","standalone","","","","","","","","","","","","","","",""
"The Isle of Cats: Explore & Draw","338460","7.8","1","0","1","0","0","0","0","0","0","0","3","","1 - 6 players
30 - 45 minutes
S-2-3

Writing tile laying 

If you like isle of cats but want a more portable version this is the game for you.  Fun.","","","","139201335","6.33477","7.32062","2.2","1767","5870","thing","The Isle of Cats: Explore & Draw","1","6","45","45","30","2022","1,2,3,4,5,6","2,3,4","10+","Moderate in-game text - needs crib sheet or paste ups","","","","","","standalone","","","","","","","","","","","","","","",""
"ISS Vanguard","325494","0","0","0","1","0","0","0","0","0","0","0","3","","1 - 4 players
 2-4 hours 
B-A-3

 Story Co-op","","","","138688789","7.42877","8.33536","3.6677","160","18114","thing","ISS Vanguard","1","4","120","120","90","2022","1,2,3,4","1,2","12+","Unplayable in another language","","","","","","standalone","","","","","","","","","","","","","","",""
"Jaipur","54043","8","1","0","1","0","0","0","0","0","0","0","3","","2 players
30 minutes
C-B-4","","","","139482259","7.3615","7.47861","1.4626","201","96890","thing","Jaipur","2","2","30","30","30","2009","2","2","8+","No necessary in-game text","","","","","","standalone","","","","","","","","","","","","","","",""
"Jetpack Joyride","253215","7","1","0","1","0","0","0","0","0","0","0","3","","1 - 4 Players
20 Minutes
C-B-2","","","","147554823","5.79389","6.47387","1.25","4905","2305","thing","Jetpack Joyride","1","4","20","20","20","2019","1,2,3,4","3,4","8+","Some necessary text - easily memorized or small crib sheet","","","","","","standalone","","","","","","","","","","","","","","",""
"Junk Art Revolution","448188","0","0","0","1","0","0","0","0","0","0","0","3","","2-6 players
30min
S-2-2","","","","142201376","5.71317","7.78319","1.7143","6089","737","thing","Junk Art Revolution","2","6","30","30","30","2025","2,3,4,5,6","3,4,5,6","6+","Some necessary text - easily memorized or small crib sheet","","","","","","standalone","","","","","","","","","","","","","","",""
"Kabuto Sumo","320390","8.7","6","0","1","0","0","0","0","0","0","0","3","","2 - 4 player
All Expansions
C-B-3

Coin pusher game, with the objective of pushing your sumo to victory, by pushing off the other sumo using bug powers along the way.","","","","135948796","6.2622","6.70859","1.1867","2007","9802","thing","Kabuto Sumo","2","4","15","15","15","2021","2,3,4","2","6+","Some necessary text - easily memorized or small crib sheet","","","","","","standalone","","","","","","","","","","","","","","",""
"Kabuto Sumo: Sakura Slam","410680","0","0","0","1","0","0","0","0","0","0","0","3","","2-4 Players
All expansions
C-B-3","","","","147925421","5.86122","7.31722","1.3","4217","2363","thing","Kabuto Sumo: Sakura Slam","2","4","35","35","20","2024","2,3,4","2","6+","Moderate in-game text - needs crib sheet or paste ups","","","","","","standalone","","","","","","","","","","","","","","",""
"Karak","241477","7.5","1","0","1","0","0","0","0","0","0","0","3","","","","","","146898827","6.46306","7.16453","1.2988","1420","9433","thing","Karak","2","5","45","45","45","2017","2,3,4,5","3,4","5+","No necessary in-game text","","","","","","standalone","","","","","","","","","","","","","","",""
"Karak: Regent","291436","0","0","0","1","0","0","0","0","0","0","0","3","","","","","","146898836","5.93885","7.55531","1.625","0","3088","thing","Karak: Regent","2","5","60","60","30","2019","2,3,4,5","3,4","6+","","","","","","","expansion","","","","","","","","","","","","","","",""
"Karak: Sidhar, Kirima, Elspeth","347190","0","0","0","1","0","0","0","0","0","0","0","3","","","","","","146898861","5.65366","7.30019","1.5","0","1244","thing","Karak: Sidhar, Kirima, Elspeth","2","5","0","0","0","2021","3,4,5","5","6","No necessary in-game text","","","","","","expansion","","","","","","","","","","","","","","",""
"Katmai: The Bears of Brooks River","419908","0","0","0","1","0","0","0","0","0","0","0","3","","2 Players
30 Minutes
C-A-4","","","","143815836","5.56946","6.86552","2.4","11457","598","thing","Katmai: The Bears of Brooks River","2","2","30","30","30","2025","2","2","8+","Some necessary text - easily memorized or small crib sheet","","","","","","standalone","","","","","","","","","","","","","","",""
"Kelp: Brilliant Behaviours Mini Expansion Set","405987","0","0","0","1","0","0","0","0","0","0","0","3","","Expansion
C-A-4","","","","142315766","5.65048","7.86638","2.25","0","3154","thing","Kelp: Brilliant Behaviours Mini Expansion Set","2","2","60","60","45","2024","2","2","12+","","","","","","","expansion","","","","","","","","","","","","","","",""
"Kelp: Shark vs Octopus","374595","0","0","0","1","0","0","0","0","0","0","0","3","","2 Players
40-60 Minutes
C-A-4","","","","136061151","6.63752","7.48531","2.4653","1038","9178","thing","Kelp: Shark vs Octopus","2","2","60","60","40","2024","2","2","8+","Some necessary text - easily memorized or small crib sheet","","","","","","standalone","","","","","","","","","","","","","","",""
"Keys to the Castle","242742","7.1","2","0","1","0","0","0","0","0","0","0","3","","2 - 4 players
10 - 20 min
C-B-1

Tile laying

R&G cute art.","","","","138697024","5.56892","6.213","1.25","11506","1282","thing","Keys to the Castle","2","4","20","20","10","2017","2,3,4","4","6+","","","","","","","standalone","","","","","","","","","","","","","","",""
"Keystone: North America – Second Edition","420539","0","0","0","1","0","0","0","0","0","0","0","3","","1 - 2 players
30 - 60 min
C-A-3
Drafting","","","","138696764","5.55445","7.93559","2.5","12836","352","thing","Keystone: North America – Second Edition","1","2","60","60","30","2025","1,2","1","","","","","","","","standalone","","","","","","","","","","","","","","",""
"Kill The Unicorns","204602","0","0","0","1","0","0","0","0","0","0","0","3","","3 - 6 players
25 - 45 min
C-B-5","","","","139486071","5.72598","6.8091","1.7727","5874","2457","thing","Kill The Unicorns","3","6","45","45","25","2019","3,4,5,6","4,5","8+","Some necessary text - easily memorized or small crib sheet","","","","","","standalone","","","","","","","","","","","","","","",""
"Killer Bunnies and the Quest for the Magic Carrot","3699","0","0","0","1","0","0","0","0","0","0","0","3","","2 - 8 players","","","","135498166","5.39453","5.5166","1.8824","30828","11345","thing","Killer Bunnies and the Quest for the Magic Carrot","2","8","45","45","45","2002","3,4,5,6,7,8","4,5,6","10+","Extensive use of text - massive conversion needed to be playable","","","","","","standalone","","","","","","","","","","","","","","",""
"King of New York","160499","0","0","0","1","0","0","0","0","0","0","0","3","","2-6 players
40 min 
S-3-1","","","","146488711","6.65146","6.85899","1.869","1004","27600","thing","King of New York","2","6","40","40","40","2014","3,4,5,6","4","8+","Moderate in-game text - needs crib sheet or paste ups","","","","","","standalone","","","","","","","","","","","","","","",""
"King of Tokyo","70323","0","0","0","1","0","0","0","0","0","0","0","3","","","","","","135553649","7.00674","7.11214","1.4847","500","112723","thing","King of Tokyo","2","6","30","30","30","2011","3,4,5,6","4,5","6+","Moderate in-game text - needs crib sheet or paste ups","","","","","","standalone","","","","","","","","","","","","","","",""
"King of Tokyo: Dark Edition","293141","0","0","0","1","0","0","0","0","0","0","0","1","","2-6 players
30 min 
S-3-2","","","","139293847","6.98008","7.64123","1.6294","526","12774","thing","King of Tokyo: Dark Edition","2","6","30","30","30","2020","3,4,5,6","4,5","8+","Moderate in-game text - needs crib sheet or paste ups","","","","","","standalone","","","","","","","","","","","","","","",""
"King of Tokyo: Duel","422484","8.3","2","0","1","0","0","0","0","0","0","0","3","","2 player
20 Minutes 
C-B-4","","","","136185331","6.31908","7.12628","2.05","1815","5487","thing","King of Tokyo: Duel","2","2","20","20","20","2024","2","2","8+","Moderate in-game text - needs crib sheet or paste ups","","","","","","standalone","","","","","","","","","","","","","","",""
"Kingdom Run","234373","7","0","0","1","0","0","0","0","0","0","0","3","","2 - 4 players
15 min
Dice rolling
Best at 3-4 players for full chaos","","","","138696986","5.59807","6.68","1.5714","9573","410","thing","Kingdom Run","2","4","25","25","15","2018","2,3,4","4","6+","No necessary in-game text","","","","","","standalone","","","","","","","","","","","","","","",""
"Kingdom Rush: Elemental Uprising","328555","0","0","0","1","0","0","0","0","0","0","0","3","","1-4 Players
45-90 Min 
S-2-5","","","","140199032","5.78643","7.83363","3.3636","4990","2148","thing","Kingdom Rush: Elemental Uprising","1","4","90","90","45","2023","1,2,3","2","","Some necessary text - easily memorized or small crib sheet","","","","","","standalone","","","","","","","","","","","","","","",""
"Kingdom Rush: Elemental Uprising – Dark Elf Slayer Expansion","337125","0","0","0","1","0","0","0","0","0","0","0","3","","Expansion 
S-2-5","","","","148057598","5.53104","7.84286","0","0","933","thing","Kingdom Rush: Elemental Uprising – Dark Elf Slayer Expansion","1","4","90","90","45","2022","","","","","","","","","","expansion","","","","","","","","","","","","","","",""
"Kingdom Rush: Elemental Uprising – Gnomish Gnonsense Expansion","337135","0","0","0","1","0","0","0","0","0","0","0","3","","Expansion 
S-2-5","","","","148057626","5.53061","7.88235","0","0","939","thing","Kingdom Rush: Elemental Uprising – Gnomish Gnonsense Expansion","1","4","90","90","45","2022","","","","","","","","","","expansion","","","","","","","","","","","","","","",""
"Kingdom Rush: Rift in Time","272533","0","0","0","1","0","0","0","0","0","0","0","3","","1 - 4 players
45-90 Min 
S-2-5","","","","135500692","6.37602","7.27425","2.9789","1660","6654","thing","Kingdom Rush: Rift in Time","1","4","90","90","45","2020","1,2,3","1,2","10+","Some necessary text - easily memorized or small crib sheet","","","","","","standalone","","","","","","","","","","","","","","",""
"Kingdom Rush: Rift in Time – Sir Gerald Lightseeker vs. J.T.","287668","0","0","0","1","0","0","0","0","0","0","0","3","","Expansion 
S-1-1","","","","135500713","5.61671","7.53718","2","0","2351","thing","Kingdom Rush: Rift in Time – Sir Gerald Lightseeker vs. J.T.","1","4","60","60","45","2020","","","","","","","","","","expansion","","","","","","","","","","","","","","",""
"Kingdom Rush: Rift in Time – Spider Goddess Expansion","287667","0","0","0","1","0","0","0","0","0","0","0","3","","Expansion 
S-2-5","","","","135500736","5.65637","7.52546","3","0","2988","thing","Kingdom Rush: Rift in Time – Spider Goddess Expansion","1","4","90","90","45","2020","1,2,3","2","12+","","","","","","","expansion","","","","","","","","","","","","","","",""
"Kingdom Rush: Rift in Time – Vez'nan vs. Moloch","287666","0","0","0","1","0","0","0","0","0","0","0","3","","Expansion 
S-2-5","","","","135500728","5.60696","7.58633","0","0","2323","thing","Kingdom Rush: Rift in Time – Vez'nan vs. Moloch","1","4","60","60","45","2020","","","","","","","","","","expansion","","","","","","","","","","","","","","",""
"Kingdomino","204583","7.5","1","0","1","0","0","0","0","0","0","0","3","","2 - 4 player

in the game of kingdomino you play with tiles and not dominos,use your skill to to build the best 5x5 kingdom.","","","","135719460","7.16895","7.28716","1.2393","330","92178","thing","Kingdomino","2","4","25","25","15","2016","2,3,4","2,4","6+","No necessary in-game text","","","","","","standalone","","","","","","","","","","","","","","",""
"Kittens in Space","446480","0","0","0","1","0","0","0","0","0","0","0","3","","","","","","146873779","0","6.89","1.6","0","136","thing","Kittens in Space","1","6","15","15","10","2025","1,2,3,4,5,6","2,3","8+","Some necessary text - easily memorized or small crib sheet","","","","","","standalone","","","","","","","","","","","","","","",""
"Kittin","302477","7.5","4","0","1","0","0","0","0","0","0","0","3","","Great to play at a restaurant","","","","142265910","5.63367","6.21559","1","8043","2230","thing","Kittin","2","8","15","15","3","2020","2,3,4,6","4","6+","No necessary in-game text","","","","","","standalone","","","","","","","","","","","","","","",""
"Kiwi Chow Down","329546","0","0","0","1","0","0","0","0","0","0","0","3","","1-4 players
50 minutes
S-2-4","","","","148057743","5.6208","7.48239","2.3636","8515","896","thing","Kiwi Chow Down","1","4","50","50","50","2023","2,3,4","4","12+","No necessary in-game text","","","","","","standalone","","","","","","","","","","","","","","",""
"KLASK","165722","8.75","3","0","1","0","0","0","0","0","0","0","3","","","","","","142762310","7.26007","7.62033","1.0449","261","17999","thing","KLASK","2","2","10","10","10","2014","2","2","6+","No necessary in-game text","","","","","","standalone","","","","","","","","","","","","","","",""
"Kollide","435885","0","0","0","1","0","0","0","0","0","0","0","3","","1 - 4 players","","","","135500407","5.51088","5.80686","1","22684","387","thing","Kollide","1","4","90","90","30","2024","","","","","","","","","","standalone","","","","","","","","","","","","","","",""
"Konja","223449","0","0","0","1","0","0","0","0","0","0","0","3","","2 players
30 - 60 minutes
C-A-3","","","","139482628","5.62551","6.5764","2.1538","8349","938","thing","Konja","2","2","60","60","30","2017","2","2","10+","No necessary in-game text","","","","","","standalone","","","","","","","","","","","","","","",""
"Korrigans","155802","0","0","0","1","0","0","0","0","0","0","0","3","","2-5 players
45 min 
S-2-3","","","","148058484","5.60156","6.26239","1.5882","9395","932","thing","Korrigans","2","5","45","45","45","2014","2,3,4,5","3,4","4+","No necessary in-game text","","","","","","standalone","","","","","","","","","","","","","","",""
"Krosmaster: Quest","155827","0","0","0","1","0","0","0","0","0","0","0","3","","2 - 6 players 
120 - 180 min","","","","139485096","5.69227","6.74373","3.0833","6520","2335","thing","Krosmaster: Quest","2","6","180","180","120","2015","3,4,5","4,5","6+","","","","","","","standalone","","","","","","","","","","","","","","",""
"Kutná Hora: The City of Silver","385610","0","0","0","1","0","0","0","0","0","0","0","3","","2-4 Playres
60-120 Minutes
S-1-5","","","","147048085","7.0257","7.74553","3.3321","476","8661","thing","Kutná Hora: The City of Silver","2","4","120","120","60","2023","2,3,4","3,4","12+","Some necessary text - easily memorized or small crib sheet","","","","","","standalone","","","","","","","","","","","","","","",""
"Labyrinth","24422","0","0","0","1","0","0","0","0","0","0","0","3","","2 - 4 players ","","","","135499960","0","5.81482","2","0","121","thing","Labyrinth","2","4","15","15","15","2001","","","","","","","","","","standalone","","","","","","","","","","","","","","",""
"Labyrinth: Chronicles","440136","0","0","0","1","0","0","0","0","0","0","0","3","","2-4 Players
20-60 Min 
B-A-2","","","","148017145","5.77454","8.03926","1.7895","5130","1431","thing","Labyrinth: Chronicles","2","4","60","60","20","2026","1,2,3,4","2","5+","Extensive use of text - massive conversion needed to be playable","","","","","","standalone","","","","","","","","","","","","","","",""
"Labyrinth: The War on Terror, 2001 – ?","62227","0","0","0","1","0","0","0","0","0","0","0","3","","1-2 Players
180 Minutes
C-A-4","","","","147552634","6.87318","7.56302","3.6932","651","10500","thing","Labyrinth: The War on Terror, 2001 – ?","1","2","180","180","180","2010","1,2","2","16+","Extensive use of text - massive conversion needed to be playable","","","","","","standalone","","","","","","","","","","","","","","",""
"Lairs","404883","8.5","1","0","1","0","0","0","0","0","0","0","3","","2 Players
30 - 60 minutes
C-A-4


Fantastic game with my wife","","","","143231311","5.9581","8.09832","2.2857","3465","1594","thing","Lairs","2","2","60","60","30","2026","2","2","8+","Moderate in-game text - needs crib sheet or paste ups","","","","","","standalone","","","","","","","","","","","","","","",""
"Lairs: Adventurer's Pack","463577","0","0","0","1","0","0","0","0","0","0","0","3","","expansion
C-A-4","","","","143231313","5.58491","8.99167","2","0","609","thing","Lairs: Adventurer's Pack","2","2","60","60","30","2026","2","2","","","","","","","","expansion","","","","","","","","","","","","","","",""
"Lairs: Deeper Dungeons","463578","0","0","0","1","0","0","0","0","0","0","0","3","","expansion
C-A-4","","","","143231316","5.55539","8.92222","2","0","654","thing","Lairs: Deeper Dungeons","2","4","60","60","30","2026","2,3","2","","","","","","","","expansion","","","","","","","","","","","","","","",""
"Lanterns: The Harvest Festival","160851","0","0","0","1","0","0","0","0","0","0","0","3","","2-4 Players
30 Min 
S-2-3","","","","140148650","6.59333","6.85526","1.5448","1116","20876","thing","Lanterns: The Harvest Festival","2","4","30","30","30","2015","2,3,4","4","8+","No necessary in-game text","","","","","","standalone","","","","","","","","","","","","","","",""
"Last Lantern","439519","0","0","0","1","0","0","0","0","0","0","0","3","","2-4 players
30 min 
S-3-2","","","","147297812","5.53857","7.3114","0","15059","174","thing","Last Lantern","2","4","30","30","30","2025","","","","","","","","","","standalone","","","","","","","","","","","","","","",""
"The Last Spell: The Board Game","385274","0","0","0","1","0","0","0","0","0","0","0","3","","1-4 players
120 minutes
S-5-5","","","","147297708","5.52811","6.58077","2.5","17247","329","thing","The Last Spell: The Board Game","1","4","150","150","120","2024","","","","","","","","","","standalone","","","","","","","","","","","","","","",""
"Last Week of Summer","419784","9.5","1","0","1","0","0","0","0","0","0","0","3","","Fantastic game that you can change locations per play","","","","146385811","5.55338","8.07895","2.5","12958","95","thing","Last Week of Summer","1","4","90","90","45","2026","1,2,3,4","1,2,4","12","","","","","","","standalone","","","","","","","","","","","","","","",""
"Last Will","97842","8.5","2","0","1","0","0","0","0","0","0","0","3","","2 - 5 players
45 - 75 min
S-1-3","","","","139485676","6.85776","7.16181","2.7157","676","12912","thing","Last Will","2","5","75","75","45","2011","2,3,4,5","4","12+","No necessary in-game text","","","","","","standalone","","","","","","","","","","","","","","",""
"Legends of Sleepy Hollow","232106","0","0","0","1","0","0","0","0","0","0","0","3","","1 - 4 player
30-120min 
B-A-1

Story Co-op","","","","138689274","5.59951","6.96967","2.8571","9494","992","thing","Legends of Sleepy Hollow","1","4","120","120","30","2022","1,2,4","4","12+","Unplayable in another language","","","","","","standalone","","","","","","","","","","","","","","",""
"Legends of the Hidden Temple","231954","0","0","0","1","0","0","0","0","0","0","0","3","","4-12 Players
C-C-1","","","","147999531","5.42698","3.89118","1.25","30703","997","thing","Legends of the Hidden Temple","4","12","0","0","0","2017","","","12+","","","","","","","standalone","","","","","","","","","","","","","","",""
"Life in Reterra","415513","0","0","0","1","0","0","0","0","0","0","0","3","","2 - 4 players
35 min 
S-3-3","","","","135498513","5.78487","6.75686","1.9545","5001","2647","thing","Life in Reterra","2","4","35","35","35","2024","2,3,4","2,4","8+","Moderate in-game text - needs crib sheet or paste ups","","","","","","standalone","","","","","","","","","","","","","","",""
"Life in Reterra: Moonrise Expansion","430018","0","0","0","1","0","0","0","0","0","0","0","3","","Expansion
S-3-3","","","","147962542","0","7.4","1","0","203","thing","Life in Reterra: Moonrise Expansion","2","4","35","35","35","2025","","","","","","","","","","expansion","","","","","","","","","","","","","","",""
"Light Speed: Arena","400498","7.8","2","0","1","0","0","0","0","0","0","0","3","","1-4 players
5-15 min 
S-3-1","","","","146488462","6.27665","7.51473","1.1186","1967","3150","thing","Light Speed: Arena","1","4","15","15","5","2025","1,2,3,4","4","6+","No necessary in-game text","","","","","","standalone","","","","","","","","","","","","","","",""
"Lightning Train","445673","0","0","0","1","0","0","0","0","0","0","0","3","","1 - 4 players
60 - 120 min
S-1-2

Bag building","","","","138693373","5.87666","7.24921","3","4088","1251","thing","Lightning Train","1","4","120","120","60","2025","2,3,4","3","","Moderate in-game text - needs crib sheet or paste ups","","","","","","standalone","","","","","","","","","","","","","","",""
"Little Soldiers","404356","0","0","0","1","0","0","0","0","0","0","0","3","","2 - 4 Players
30 Minutes
C-B-2","","","","147297837","5.58772","6.68737","1.7","10143","747","thing","Little Soldiers","2","4","30","30","30","2025","2,4","2","8+","Moderate in-game text - needs crib sheet or paste ups","","","","","","standalone","","","","","","","","","","","","","","",""
"Lizard Wizard","312767","0","0","0","1","0","0","0","0","0","0","0","3","","2-6 Players
90-120 Min 
B-A-3","","","","143448502","5.98307","6.99351","2.3548","3299","3460","thing","Lizard Wizard","2","6","120","120","90","2021","2,3,4","3","10+","Extensive use of text - massive conversion needed to be playable","","","","","","standalone","","","","","","","","","","","","","","",""
"Long Shot: The Dice Game","295374","9","5","0","1","0","0","0","0","0","0","0","3","","1 - 8 players
25 Min 
C-B-1

amazing game where you are betting and hoping for your horse to win.","","","","135946152","7.1229","7.51103","1.9464","370","19288","thing","Long Shot: The Dice Game","1","8","25","25","25","2022","1,2,3,4,5,6,7,8","4,5","10+","Some necessary text - easily memorized or small crib sheet","","","","","","standalone","","","","","","","","","","","","","","",""
"Looot","410991","0","0","0","1","0","0","0","0","0","0","0","3","","2-4 players
35 min 
S-2-1","","","","137223570","6.31463","7.06233","2.0625","1826","3932","thing","Looot","2","4","35","35","35","2024","2,3,4","3","10+","No necessary in-game text","","","","","","standalone","","","","","","","","","","","","","","",""
"The Lord of the Rings: Duel for Middle-earth","421006","8.5","2","0","1","0","0","0","0","0","0","0","3","","2 players
30 Minutes
C-A-4

Better than 7 Wonders Duel.  The added meeples are awesome. Easy to setup and learn. Great for everyone. Also great box.","","","","135496180","7.99539","8.35265","2.072","19","43696","thing","The Lord of the Rings: Duel for Middle-earth","2","2","30","30","30","2024","2","2","10+","No necessary in-game text","","","","","","standalone","","","","","","","","","","","","","","",""
"The Lord of the Rings: The Fellowship of the Ring – Trick-Taking Game","429293","8.5","6","0","1","0","0","0","0","0","0","0","3","","1-4 Players
20 Min 
C-B-1

Fun co-op trick taking games","","","","142575589","7.50012","7.98456","1.9412","134","27590","thing","The Lord of the Rings: The Fellowship of the Ring – Trick-Taking Game","1","4","20","20","20","2025","1,2,3,4","4","10+","Moderate in-game text - needs crib sheet or paste ups","","","","","","standalone","","","","","","","","","","","","","","",""
"The Lord of the Rings: The Two Towers – Trick-Taking Game","448271","0","0","0","1","0","0","0","0","0","0","0","3","","1-4 Players
20 Min 
C-B-1","","","","142575597","6.58973","8.37434","2.1667","1125","10039","thing","The Lord of the Rings: The Two Towers – Trick-Taking Game","1","4","20","20","20","2026","1,2,3,4","4","10+","Some necessary text - easily memorized or small crib sheet","","","","","","standalone","","","","","","","","","","","","","","",""
"Lost Ruins of Arnak","312484","0","0","0","1","0","0","0","0","0","0","0","3","","1-4 players
30-120 minutes
S-5-2","","","","140312955","7.91716","8.0832","2.9339","30","88176","thing","Lost Ruins of Arnak","1","4","120","120","30","2020","1,2,3,4","3","10+","Moderate in-game text - needs crib sheet or paste ups","","","","","","standalone","","","","","","","","","","","","","","",""
"Loteria","5878","0","0","0","1","0","0","0","0","0","0","0","3","","2 - 10 players
10 minutes
National Parks Verison","","","","139484021","5.46577","5.81535","1.1429","30114","772","thing","Loteria","2","10","10","10","10","1887","2,3,4,5,6,7,8,9,10","","6+","Some necessary text - easily memorized or small crib sheet","","","","","","standalone","","","","","","","","","","","","","","",""
"Love Is Dead","371852","0","0","0","1","0","0","0","0","0","0","0","3","","2-5 Players
C-B-1","","","","143815598","5.51411","6.25902","1","21550","435","thing","Love Is Dead","2","5","0","0","0","2022","3,4","3","","","","","","","","standalone","","","","","","","","","","","","","","",""
"Lure","415780","8.5","1","0","1","0","0","0","0","0","0","0","3","","2 - 5 player
15 Min 
C-B-3","","","","136409351","6.14877","6.83454","1.225","2449","4797","thing","Lure","2","5","15","15","15","2024","2,3,4,5","3,4","8+","No necessary in-game text","","","","","","standalone","","","","","","","","","","","","","","",""
"Lure: Deep Waters","419579","8","0","0","1","0","0","0","0","0","0","0","3","","Expansion
C-B-3","","","","137831914","5.72713","7.46302","1.2","0","1936","thing","Lure: Deep Waters","2","5","25","25","15","2024","2,3,4,5","3,4","","No necessary in-game text","","","","","","expansion","","","","","","","","","","","","","","",""
"Luthier","371330","0","0","0","1","0","0","0","0","0","0","0","3","","","","","","139213722","6.97734","8.15374","3.8098","530","6420","thing","Luthier","1","4","150","150","90","2025","1,2,3,4","3","14+","Some necessary text - easily memorized or small crib sheet","","","","","","standalone","","","","","","","","","","","","","","",""
"Lying, Cheating Raccoons","450340","0","0","0","1","0","0","0","0","0","0","0","3","","2-6 Players
10-15 Min
C-C-1","","","","137223699","0","5.50345","1","0","96","thing","Lying, Cheating Raccoons","2","6","15","15","10","2025","5,6","5","","","","","","","","standalone","","","","","","","","","","","","","","",""
"Macaraccoon","437500","8","1","1","1","0","0","0","0","0","0","0","3","","2-5 players
45-60 minutes
S-5-3

Very cute game easy to pickup and learn","","","","136095666","5.5265","7.82069","2.3333","17675","150","thing","Macaraccoon","2","5","60","60","45","2026","2,5","5","","","","","","","","standalone","","","","","","","","","","","","","","",""
"Magic 8 Ball: Magical Encounters Board Game","377163","0","0","0","1","0","0","0","0","0","0","0","3","","2 - 4 players","","","","135500303","5.5106","5.91873","1","22787","335","thing","Magic 8 Ball: Magical Encounters Board Game","2","4","45","45","45","2022","2,3,4","4","5–10","Moderate in-game text - needs crib sheet or paste ups","","","","","","standalone","","","","","","","","","","","","","","",""
"Magic Maze Pocket","450086","0","0","0","1","0","0","0","0","0","0","0","3","","","","","","142291710","5.57493","7.07667","1.3333","11024","662","thing","Magic Maze Pocket","1","8","15","15","1","2025","6","6","","","","","","","","standalone","","","","","","","","","","","","","","",""
"Magical Athlete","454103","9","1","0","1","0","0","0","0","0","0","0","3","","2-6 players
30 Min 
S-2-3","","","","139294485","7.14165","7.80936","1.186","354","13075","thing","Magical Athlete","2","6","30","30","30","2025","3,4,5,6","5,6","6+","Moderate in-game text - needs crib sheet or paste ups","","","","","","standalone","","","","","","","","","","","","","","",""
"Magical Unicorn: Adventure Bones Game","298849","0","0","0","1","0","0","0","0","0","0","0","3","","Invader Zim collectible","","","","146488209","0","3.71429","0","0","60","thing","Magical Unicorn: Adventure Bones Game","2","8","30","0","30","2017","","","","","","","","","","standalone","","","","","","","","","","","","","","",""
"The Magnificent","283863","8.5","1","0","1","0","0","0","0","0","0","0","3","","2 - 4 player
60-90 Min 
S-1-2","","","","136628826","6.74833","7.4691","3.134","842","7564","thing","The Magnificent","1","4","90","90","60","2019","1,2,3,4","2","12+","No necessary in-game text","","","","","","standalone","","","","","","","","","","","","","","",""
"Maharaja","298378","0","0","0","1","0","0","0","0","0","0","0","3","","","","","","147552844","5.80342","6.84339","2.64","4776","2139","thing","Maharaja","1","4","90","90","90","2021","3,4","4","10+","No necessary in-game text","","","","","","standalone","","","","","","","","","","","","","","",""
"Mahjong","2093","0","3","0","1","0","0","0","0","0","0","0","3","","3 - 4 players
120 min 
*special rules for 2","","","","139484767","6.64932","7.06725","2.5794","1012","13112","thing","Mahjong","3","4","120","120","120","1850","4","4","10+","No necessary in-game text","","","","","","standalone","","","","","","","","","","","","","","",""
"Mantis Falls","291847","0","0","0","1","0","0","0","0","0","0","0","3","","2 - 3 player
60-90 Min 
C-A-1","","","","136096096","6.16238","7.13353","2.7143","2386","5675","thing","Mantis Falls","2","3","90","90","60","2021","2,3","2","14+","Extensive use of text - massive conversion needed to be playable","","","","","","standalone","","","","","","","","","","","","","","",""
"Map Masters","443297","7.4","1","0","1","0","0","0","0","0","0","0","3","","Alright","","","","146488624","5.67294","6.87912","2.3333","6963","726","thing","Map Masters","1","5","60","60","30","2025","1,2,4","4","10+","No necessary in-game text","","","","","","standalone","","","","","","","","","","","","","","",""
"Maple Valley","361958","0","0","0","1","0","0","0","0","0","0","0","3","","1 - 5 players
45-75 min 
S-2-3","","","","135498734","6.17147","7.41587","2.4444","2352","4656","thing","Maple Valley","1","5","75","75","45","2024","1,2,3,4","2","10+","Moderate in-game text - needs crib sheet or paste ups","","","","","","standalone","","","","","","","","","","","","","","",""
"Market Fresh","456459","0","0","0","1","0","0","0","0","0","0","0","3","","1-4 players
45 min 
S-3-5","","","","143815847","5.58292","7.03254","1.4","10476","312","thing","Market Fresh","1","4","45","45","45","2026","","","","","","","","","","standalone","","","","","","","","","","","","","","",""
"Marvel Champions: The Card Game","285774","0","0","0","1","0","0","0","0","0","0","0","3","","1 - 4 players","","","","135642698","7.78528","8.10291","2.9603","48","48474","thing","Marvel Champions: The Card Game","1","4","90","90","45","2019","1,2,3","1,2","12+","Extensive use of text - massive conversion needed to be playable","","","","","","standalone","","","","","","","","","","","","","","",""
"Marvel Dice Throne","348406","0","0","0","1","0","0","0","0","0","0","0","3","","2 - 6 players 
20 - 40 min
B-A-5

Dice rolling","","","","138697722","6.92309","7.94233","2.15","0","9979","thing","Marvel Dice Throne","2","6","40","40","20","2022","2,3,4","2","8+","Moderate in-game text - needs crib sheet or paste ups","","","","","","standalone","","","","","","","","","","","","","","",""
"Marvel Dice Throne: Deadpool","403511","8","1","0","1","0","0","0","0","0","0","0","3","","2-6 Players
B-A-4","","","","138197747","5.88296","8.35824","2","0","3430","thing","Marvel Dice Throne: Deadpool","2","6","40","40","20","2025","2,3,4","2","","","","","","","","expansion","","","","","","","","","","","","","","",""
"Marvel Dice Throne: Missions","403495","0","0","0","1","0","0","0","0","0","0","0","3","","1 - 4 players 
30 - 75 min
B-A-5

Dice rolling team","","","","138697790","6.09365","8.35585","2.2857","0","3406","thing","Marvel Dice Throne: Missions","1","4","75","75","30","2025","1,2,3,4","1","8+","Extensive use of text - massive conversion needed to be playable","","","","","","expansion","","","","","","","","","","","","","","",""
"Marvel Dice Throne: Missions – Promo Card Set","442730","0","0","0","1","0","0","0","0","0","0","0","3","","Expansion
B-A-5","","","","138697917","0","7.87222","2","0","380","thing","Marvel Dice Throne: Missions – Promo Card Set","1","4","90","90","30","2025","1","1","8+","Extensive use of text - massive conversion needed to be playable","","","","","","expansion","","","","","","","","","","","","","","",""
"Marvel Dice Throne: X-Men","403494","0","0","0","1","0","0","0","0","0","0","0","3","","2 - 6 players 
20 - 40 min
B-A-5

Dice rolling","","","","138697660","6.143","8.41732","2.125","0","3458","thing","Marvel Dice Throne: X-Men","2","6","40","40","20","2025","2,3,4","2","","","","","","","","standalone","","","","","","","","","","","","","","",""
"Marvel Heroes","14808","0","0","0","1","0","0","0","0","0","0","0","3","","2 - 4 players","","","","135499919","5.9184","6.36843","3.0753","3746","3537","thing","Marvel Heroes","2","4","120","120","120","2006","2,3,4","4","12+","Extensive use of text - massive conversion needed to be playable","","","","","","standalone","","","","","","","","","","","","","","",""
"Marvel United","298047","8","1","0","1","0","0","0","0","0","0","0","3","","1 - 4 players
40 minutes 
S-3-5

Co op boss battle","","","","138694362","7.16523","7.53415","1.8478","337","29381","thing","Marvel United","1","4","40","40","40","2020","1,2,3,4","3","8+","Moderate in-game text - needs crib sheet or paste ups","","","","","","standalone","","","","","","","","","","","","","","",""
"Marvel United: Doctor Strange","354553","0","0","0","1","0","0","0","0","0","0","0","3","","Expanison
S-3-5","","","","138694430","5.81231","7.86883","2","0","3420","thing","Marvel United: Doctor Strange","1","4","40","40","40","2020","1,2,3,4","1,3","8+","Moderate in-game text - needs crib sheet or paste ups","","","","","","expansion","","","","","","","","","","","","","","",""
"Marvel United: Enter the Spider-Verse","303600","0","0","0","1","0","0","0","0","0","0","0","3","","Expanison
S-3-5","","","","138694417","6.33452","7.84336","2.2","0","9007","thing","Marvel United: Enter the Spider-Verse","1","4","45","45","30","2021","1,2,3,4","3","8+","Moderate in-game text - needs crib sheet or paste ups","","","","","","expansion","","","","","","","","","","","","","","",""
"Marvel United: Pet Companions","386880","0","0","0","1","0","0","0","0","0","0","0","3","","Expansion 
below TV","","","","148059426","5.59743","8.125","2","0","1825","thing","Marvel United: Pet Companions","1","5","0","0","0","2024","1,2,3,4,5","3","","","","","","","","expansion","","","","","","","","","","","","","","",""
"Marvel United: X-Men","336382","0","0","0","1","0","0","0","0","0","0","0","3","","1 - 5 Players
40 Minutes
S-3-5","","","","143448470","7.08817","7.96928","2.0083","406","14096","thing","Marvel United: X-Men","1","5","40","40","40","2021","1,2,3,4,5","3","8+","Some necessary text - easily memorized or small crib sheet","","","","","","standalone","","","","","","","","","","","","","","",""
"Maskmen","159581","0","0","0","1","0","0","0","0","0","0","0","3","","","","","","142291613","6.22871","6.94596","1.7778","2138","5225","thing","Maskmen","2","6","20","20","20","2014","3,4,5","4","10+","No necessary in-game text","","","","","","standalone","","","","","","","","","","","","","","",""
"Masmorra: Dungeons of Arcadia","181524","0","0","0","1","0","0","0","0","0","0","0","3","","1 - 5 players
60-90 Min 
B-A-2","","","","135498809","6.27542","7.03312","2.2766","1970","7134","thing","Masmorra: Dungeons of Arcadia","1","5","90","90","60","2017","2,3,4,5","3,4","10+","Moderate in-game text - needs crib sheet or paste ups","","","","","","standalone","","","","","","","","","","","","","","",""
"Masters of Crime: Incognito","406863","0","0","0","1","0","0","0","0","0","0","0","3","","1-6 Players
2-4 Hours
C-C-3","","","","146488321","5.52782","6.66724","1.5","17317","346","thing","Masters of Crime: Incognito","1","6","210","210","150","2022","1,2,3","1,2","14+","","","","","","","standalone","","","","","","","","","","","","","","",""
"Masters of Crime: Shadows","371539","0","0","0","1","0","0","0","0","0","0","0","3","","1-6 Players
2-4 Hours
C-C-3","","","","139485025","5.61928","7.75435","1.75","8585","700","thing","Masters of Crime: Shadows","1","6","210","210","150","2022","1,2,3,4","3","14+","","","","","","","standalone","","","","","","","","","","","","","","",""
"Masters of Crime: Vendetta","336791","0","0","0","1","0","0","0","0","0","0","0","3","","1-6 Players
2-4 Hours
C-C-3","","","","147925705","5.62911","7.47957","2","8197","698","thing","Masters of Crime: Vendetta","1","6","240","240","120","2021","1,2,3,4","4","14+","Unplayable in another language","","","","","","standalone","","","","","","","","","","","","","","",""
"Maui","361279","0","0","0","1","0","0","0","0","0","0","0","3","","3 - 6 players
30 minutes 
C-A-5","","","","135496339","5.64552","6.36476","1.5789","7678","1152","thing","Maui","2","4","30","30","30","2022","2,3,4","3","8+","No necessary in-game text","","","","","","standalone","","","","","","","","","","","","","","",""
"Meadow","314491","0","0","0","1","0","0","0","0","0","0","0","3","","1 - 4 players
60-90 min 
S-3-3","","","","135499828","7.33578","7.69968","2.2523","219","26150","thing","Meadow","1","4","90","90","60","2021","1,2,3,4","2","10+","No necessary in-game text","","","","","","standalone","","","","","","","","","","","","","","",""
"Mech Bunny","432792","0","0","0","1","0","0","0","0","0","0","0","3","","1 player
45 minutes
C-C-4","","","","147962498","5.58478","7.57075","2","10356","595","thing","Mech Bunny","1","1","45","45","30","2026","1","1","12+","","","","","","","standalone","","","","","","","","","","","","","","",""
"Menagerie: Unlock the Wonders of a Miniature World","450013","0","0","0","1","0","0","0","0","0","0","0","3","","","","","","138156611","5.53928","7.30746","1.5","14925","271","thing","Menagerie: Unlock the Wonders of a Miniature World","1","4","60","60","30","2025","1,2","2","","","","","","","","standalone","","","","","","","","","","","","","","",""
"Merchants of the Dark Road","300217","0","0","0","1","0","0","0","0","0","0","0","3","","1 - 4 players
60 - 20 min
S-1-3
Dice rolling","","","","138697061","6.61591","7.3384","3.2788","1077","8545","thing","Merchants of the Dark Road","1","4","120","120","60","2022","1,2,3,4","3","12+","Some necessary text - easily memorized or small crib sheet","","","","","","standalone","","","","","","","","","","","","","","",""
"Mesozooic","255639","0","0","0","1","0","0","0","0","0","0","0","3","","","","","","137223781","5.64235","6.35022","1.5556","7774","1205","thing","Mesozooic","2","6","20","20","20","2018","2,3,4,5,6","4","8+","No necessary in-game text","","","","","","standalone","","","","","","","","","","","","","","",""
"Miaui","226454","0","0","0","1","0","0","0","0","0","0","0","3","","3 - 6 players 
20 min","","","","139485998","5.60329","6.32676","1.2","9316","914","thing","Miaui","3","6","20","20","20","2017","3,4,5","4","6+","No necessary in-game text","","","","","","standalone","","","","","","","","","","","","","","",""
"Middle Ages","403754","8.5","2","0","1","0","0","0","0","0","0","0","3","","2 - 5 player","","","","136534966","6.47211","7.19353","2.0088","1394","4897","thing","Middle Ages","2","5","30","30","30","2024","2,3,4,5","3,4","10+","No necessary in-game text","","","","","","standalone","","","","","","","","","","","","","","",""
"Mille Fiori","346501","0","0","0","1","0","0","0","0","0","0","0","3","","2-4 Players
60-90 min 
S-1-1","","","","137223718","6.85222","7.41789","2.1753","686","9990","thing","Mille Fiori","2","4","90","90","60","2021","3,4","4","8+","No necessary in-game text","","","","","","standalone","","","","","","","","","","","","","","",""
"Millennial Loteria","407457","0","0","0","1","0","0","0","0","0","0","0","3","","2 - 20 players
10-20 minutes
C-B-5","","","","135496688","0","6","0","0","107","thing","Millennial Loteria","2","10","20","20","10","2022","","","","","","","","","","standalone","","","","","","","","","","","","","","",""
"The Mind","244992","0","0","0","1","0","0","0","0","0","0","0","3","","2 - 4 players","","","","135497442","6.59024","6.71224","1.0735","1123","70631","thing","The Mind","2","4","20","20","20","2018","2,3,4","4","8+","No necessary in-game text","","","","","","standalone","","","","","","","","","","","","","","",""
"Mind MGMT: The Psychic Espionage “Game.”","284653","0","0","0","1","0","0","0","0","0","0","0","4","","1-5 players
60 minutes
S-5-4","","","","139293787","7.17874","7.77672","2.8981","325","16761","thing","Mind MGMT: The Psychic Espionage “Game.”","1","5","60","60","60","2021","1,2,3,4,5","2,3","12+","Some necessary text - easily memorized or small crib sheet","","","","","","standalone","","","","","","","","","","","","","","",""
"Mind Space","377420","7.7","2","0","1","0","0","0","0","0","0","0","3","","1 - 5 players
30 Min
C-B-3","","","","136061038","6.07663","7.19649","1.8636","2793","3393","thing","Mind Space","1","5","30","30","30","2023","1,2,3,4,5","2","6+","Some necessary text - easily memorized or small crib sheet","","","","","","standalone","","","","","","","","","","","","","","",""
"Mindbug: First Contact","345584","0","0","0","1","0","0","0","0","0","0","0","3","","2 Players
20 minutes
C-A-4","","","","147552064","7.06814","7.55145","1.9345","428","18998","thing","Mindbug: First Contact","2","2","25","25","15","2022","2","2","8+","Moderate in-game text - needs crib sheet or paste ups","","","","","","standalone","","","","","","","","","","","","","","",""
"Mini Rogue","311715","0","0","0","1","0","0","0","0","0","0","0","3","","1 - 2 player
45 Minutes
C-B-4","","","","138197782","6.48615","7.26739","2.0198","1370","8337","thing","Mini Rogue","1","2","45","45","30","2020","1,2","1","10+","Some necessary text - easily memorized or small crib sheet","","","","","","standalone","","","","","","","","","","","","","","",""
"Ministry of Lost Things: Case 1 – Lint Condition","425765","0","0","0","1","0","0","0","0","0","0","0","3","","1+ players
2-3 Hours 
C-C-3","","","","142834972","5.73309","7.90644","2.5","5752","1056","thing","Ministry of Lost Things: Case 1 – Lint Condition","1","4","180","180","120","2025","1,2","1","10+","Unplayable in another language","","","","","","standalone","","","","","","","","","","","","","","",""
"Ministry of Lost Things: Case 2 – Finders Keypers","453357","0","0","0","1","0","0","0","0","0","0","0","1","","1+ player
2-4 hours
C-C-3","","","","147273806","5.53367","8.53","2.3333","15996","301","thing","Ministry of Lost Things: Case 2 – Finders Keypers","1","4","240","240","120","2026","1,2","1,2","","","","","","","","standalone","","","","","","","","","","","","","","",""
"Mists over Carcassonne","358124","8.5","2","0","1","0","0","0","0","0","0","0","3","","1 - 5 player","","","","136095540","6.43825","7.27232","2.1552","1489","8142","thing","Mists over Carcassonne","1","5","35","35","35","2022","1,2,3,4","2","8+","No necessary in-game text","","","","","","standalone","","","","","","","","","","","","","","",""
"MLEM: Space Agency","387378","0","0","0","1","0","0","0","0","0","0","0","3","","2-5 Players
30-60 Min 
S-2-2","","","","143815781","6.66809","7.14791","1.7439","977","11139","thing","MLEM: Space Agency","2","5","60","60","30","2024","3,4,5","4,5","8+","No necessary in-game text","","","","","","standalone","","","","","","","","","","","","","","",""
"Money!","125","7.5","6","0","1","0","0","0","0","0","0","0","3","","2 - 5 players
15 Min
C-B-3

set collection","","","","139483748","6.16321","6.60321","1.5647","2380","6237","thing","Money!","2","5","30","30","15","2025","3,4,5","4,5","8+","No necessary in-game text","","","","","","standalone","","","","","","","","","","","","Allplay","English","2025","English edition 2025"
"Monopoly Deal Card Game","40398","0","0","0","1","0","0","0","0","0","0","0","3","","2 - 5 players","","","","135497414","6.09674","6.32689","1.3112","2682","28716","thing","Monopoly Deal Card Game","2","5","15","15","15","2008","2,3,4,5","4","8+","Some necessary text - easily memorized or small crib sheet","","","","","","standalone","","","","","","","","","","","","","","",""
"Monopoly: Animal Crossing – New Horizons","348250","0","0","0","1","0","0","0","0","0","0","0","3","","2 - 4 players","","","","135499999","5.47511","5.33275","1.125","29710","1616","thing","Monopoly: Animal Crossing – New Horizons","2","4","60","0","60","2021","3,4","3","4–12","","","","","","","standalone","","","","","","","","","","","","","","",""
"Monopoly: Fallout Collector's Edition","183508","0","0","0","1","0","0","0","0","0","0","0","3","","2-6 players
60-180 min 
S-2-2","","","","140199072","5.49109","5.70992","1.6","28075","719","thing","Monopoly: Fallout Collector's Edition","2","6","180","180","60","2015","2,3,4,5,6","4,5,6","8+","","","","","","","standalone","","","","","","","","","","","","","","",""
"Monopoly: Super Mario Celebration!","323911","0","0","0","1","0","0","0","0","0","0","0","3","","2 - 6 players","","","","135499988","5.49932","5.71262","1.25","26308","559","thing","Monopoly: Super Mario Celebration!","2","6","90","90","90","2020","2,3,4","2","5+","","","","","","","standalone","","","","","","","","","","","","","","",""
"Moon","358386","0","0","0","1","0","0","0","0","0","0","0","3","","1-5 Players
45-90
C-B-2","","","","140199197","6.15809","7.29102","2.5135","2404","4404","thing","Moon","1","5","90","90","45","2023","1,2,3,4","3","10+","Moderate in-game text - needs crib sheet or paste ups","","","","","","standalone","","","","","","","","","","","","","","",""
"Moon Adventure","330403","0","0","0","1","0","0","0","0","0","0","0","3","","","","","","140259283","5.82255","6.69479","2.24","4584","3099","thing","Moon Adventure","2","5","40","40","40","2021","1,2,3,4,5","2,3","10+","Some necessary text - easily memorized or small crib sheet","","","","","","standalone","","","","","","","","","","","","","","",""
"Moon Bunny","377991","8.2","1","0","1","0","0","0","0","0","0","0","3","","1 - 4 player
30-60 Min 
S-1-2","","","","135548318","5.63302","7.29325","2.1","8071","775","thing","Moon Bunny","1","4","60","60","30","2025","1,2,3,4","3","12+","","","","","","","standalone","","","","","","","","","","","","","","",""
"Moon Colony Bloodbath","425549","8","3","0","1","0","0","0","0","0","0","0","3","","1-5 players
45-90 min
S-3-5","","","","142201569","7.01788","7.64649","2.1493","488","10170","thing","Moon Colony Bloodbath","1","5","90","90","45","2025","1,2,3,4,5","4","10+","Moderate in-game text - needs crib sheet or paste ups","","","","","","standalone","","","","","","","","","","","","","","",""
"Moonrakers","270239","0","0","0","1","0","0","0","0","0","0","0","3","","1 - 5 players
60 - 120 minutes
C-A-1","","","","139483918","6.77639","7.68184","2.4731","796","6689","thing","Moonrakers","1","5","120","120","60","2020","3,4,5","4","12+","Moderate in-game text - needs crib sheet or paste ups","","","","","","standalone","","","","","","","","","","","","","","",""
"Moonrakers: The Endless","367402","0","0","0","1","0","0","0","0","0","0","0","3","","","","","","139484481","5.61518","8.50971","2.5","0","1247","thing","Moonrakers: The Endless","1","5","0","0","0","2023","1,3,4,5","4,5","","","","","","","","expansion","","","","","","","","","","","","","","",""
"Moonrollers","405923","9","5","0","1","0","0","0","0","0","0","0","3","","2 - 5 players
30-45min
C-B-1

Push your luck","","","","139372050","6.06435","7.39453","1.8333","2865","2687","thing","Moonrollers","2","5","45","45","30","2024","2,3,4,5","2,3","10+","Moderate in-game text - needs crib sheet or paste ups","","","","","","standalone","","","","","","","","","","","","","","",""
"More Containers","468181","0","0","0","1","0","0","0","0","0","0","0","3","","Expansion","","","","147925291","5.54072","7.63477","0","0","1737","thing","More Containers","3","5","0","0","0","2026","","","","","","","","","","expansion","","","","","","","","","","","","","","",""
"Mosaic: A Story of Civilization","329551","0","0","0","1","0","0","0","0","0","0","0","3","","2-6 Players
120 Min 
B-A-2","","","","142315804","6.80773","7.4591","3.0541","751","8903","thing","Mosaic: A Story of Civilization","2","6","120","120","120","2022","3,4,5","4","12+","Moderate in-game text - needs crib sheet or paste ups","","","","","","standalone","","","","","","","","","","","","","","",""
"Mountain Goats","63975","0","0","0","1","0","0","0","0","0","0","0","3","","2-4 Players
20 Min
C-B-3","","","","136061089","6.43273","6.84029","1.2035","1507","11239","thing","Mountain Goats","2","4","20","20","20","2010","2,3,4","4","6+","No necessary in-game text","","","","","","standalone","","","","","","","","","","","","","","",""
"Moving Wild","423270","0","0","0","1","0","0","0","0","0","0","0","3","","","","","","140259254","5.93607","6.94005","2.04","3619","2743","thing","Moving Wild","1","6","30","30","15","2024","1,2,3,4,5,6","4","10+","Moderate in-game text - needs crib sheet or paste ups","","","","","","standalone","","","","","","","","","","","","","","",""
"Moytura","447252","0","0","0","1","0","0","0","0","0","0","0","3","","1-2 Players
45 Minutes
C-B-4","","","","147554857","5.82227","8.05686","2.1538","4587","1275","thing","Moytura","1","2","45","45","45","2026","1,2","2","8","Moderate in-game text - needs crib sheet or paste ups","","","","","","standalone","","","","","","","","","","","","","","",""
"Murder on the Moon","430697","0","0","0","1","0","0","0","0","0","0","0","1","","1-4 Players
3-5 Hours
C-C-3","","","","139484982","0","7.77679","2","0","80","thing","Murder on the Moon","1","4","360","360","270","2024","2,3,4","3","","Extensive use of text - massive conversion needed to be playable","","","","","","standalone","","","","","","","","","","","","","","",""
"Mutton Bustin","387166","7","0","0","1","0","0","0","0","0","0","0","3","","2 - 4 players
15 - 25 minutes 
C-B-2

Dice game

Stupidly funny simple game works amazing as an ice breaker","","","","138695526","5.51235","6.452","1.5","22162","149","thing","Mutton Bustin","2","4","25","25","15","2024","2,3,4","4","","","","","","","","standalone","","","","","","","","","","","","","","",""
"My City","295486","0","0","0","1","0","0","0","0","0","0","0","3","","2-4 players
30 min 
S-3-2","","","","147069485","7.24178","7.56984","1.9779","270","25628","thing","My City","2","4","30","30","30","2020","2,3,4","4","8+","Moderate in-game text - needs crib sheet or paste ups","","","","","","standalone","","","","","","","","","","","","","","",""
"Mycelia","392023","0","0","0","1","0","0","0","0","0","0","0","3","","1-4 Players
45 Min
S-2-2","","","","141971480","6.47899","7.3601","1.8778","1383","7477","thing","Mycelia","1","4","45","45","45","2023","1,2,3,4","2","8+","No necessary in-game text","","","","","","standalone","","","","","","","","","","","","","","",""
"Mysterium","181304","0","1","0","1","0","0","0","0","0","0","0","3","","2-7 players
40 minutes
C-B-5","","","","139483785","7.04767","7.19003","1.8899","452","84994","thing","Mysterium","2","7","42","42","42","2015","3,4,5,6,7","5,6","8+","No necessary in-game text","","","","","","standalone","","","","","","","","","","","","","","",""
"Mysterium Park","301767","7.5","1","0","1","0","0","0","0","0","0","0","3","","2 - 6 player
30-45 minutes
C-B-5","","","","136595948","6.51646","6.99574","1.4286","1305","15452","thing","Mysterium Park","2","6","45","45","30","2020","2,3,4,5,6","4","8+","No necessary in-game text","","","","","","standalone","","","","","","","","","","","","","","",""
"Mystic Curling Club","447729","0","0","0","1","0","0","0","0","0","0","0","3","","2-5 Players
30 Minutes","","","","147962582","5.5227","6.78049","0","18741","149","thing","Mystic Curling Club","2","4","30","30","10","2026","","","","","","","","","","standalone","","","","","","","","","","","","","","",""
"Mythicals","431304","0","0","0","1","0","0","0","0","0","0","0","3","","","","","","140199442","5.61238","6.39651","1.3684","8873","694","thing","Mythicals","2","2","15","15","15","2025","2","2","8","No necessary in-game text","","","","","","standalone","","","","","","","","","","","","","","",""
"Mythwind","317582","0","0","0","1","0","0","0","0","0","0","0","3","","1-4 players
30-60 minutes
S-5-1","","","","140312951","6.23233","7.4969","2.7742","2126","5736","thing","Mythwind","1","4","60","60","30","2023","1,2,3,4","1,2","10+","Extensive use of text - massive conversion needed to be playable","","","","","","standalone","","","","","","","","","","","","","","",""
"Nacho Pile","366327","0","0","0","1","0","0","0","0","0","0","0","3","","2 - 6 players","","","","135497193","5.45866","5.33529","1","30321","996","thing","Nacho Pile","2","6","20","20","20","2022","2,3,4,5,6","4","6+","","","","","","","standalone","","","","","","","","","","","","","","",""
"Nanatoridori","387388","0","0","0","1","0","0","0","0","0","0","0","3","","2-6 Players
10-20 minutes
C-B-2","","","","147998380","5.87522","6.78568","1.1818","4102","1336","thing","Nanatoridori","2","6","20","20","10","2023","3,4,5","4","6+","No necessary in-game text","","","","","","standalone","","","","","","","","","","","","","","",""
"Nature","330152","0","0","0","1","0","0","0","0","0","0","0","3","","1 - 4 players","","","","135498355","5.91979","6.87761","2.1628","3728","2875","thing","Nature","1","4","45","45","30","2025","1,2,3,4","3,4","10+","Moderate in-game text - needs crib sheet or paste ups","","","","","","standalone","","","","","","","","","","","","","","",""
"Near and Far","195421","0","0","0","1","0","0","0","0","0","0","0","3","","2-4 players
90-120 Min
S-1-4","","","","137223610","7.22393","7.63592","2.9039","281","23167","thing","Near and Far","2","4","120","120","90","2017","2,3,4","3","10+","Extensive use of text - massive conversion needed to be playable","","","","","","standalone","","","","","","","","","","","","","","",""
"Nemesis","167355","0","0","0","1","0","0","0","0","0","0","0","3","","1-5 Players
90-180 Min
B-A-3","","","","135501675","7.94813","8.2461","3.4905","25","51252","thing","Nemesis","1","5","180","180","90","2018","1,2,3,4,5","4,5","14+","Moderate in-game text - needs crib sheet or paste ups","","","","","","standalone","","","","","","","","","","","","","","",""
"Neuroshima Hex: Battle","437382","0","0","0","1","0","0","0","0","0","0","0","3","","2 players
20 - 30 minutes
C-A-3","","","","147988197","5.54181","8.03229","2","0","206","thing","Neuroshima Hex: Battle","2","2","30","30","30","2025","2","2","","Some necessary text - easily memorized or small crib sheet","","","","","","standalone","","","","","","","","","","","","","","",""
"The Night Cage","306709","8.5","1","0","1","0","0","0","0","0","0","0","3","","1 - 5 player
40-60 min 
S-3-3

*you must play pitch black with candle light and if your candle goes out in the game same for your candle in real life also have thematic music playing. Enjoy!","","","","136565320","6.36632","7.08432","2.1538","1683","9120","thing","The Night Cage","1","5","60","60","40","2021","1,2,3,4,5","4","10+","No necessary in-game text","","","","","","standalone","","","","","","","","","","","","","","",""
"The Night Cage: Shrieking Hollow","400357","0","0","0","1","0","0","0","0","0","0","0","3","","Expansion 
S-3-3","","","","137224340","5.60861","7.95984","2.5","0","1498","thing","The Night Cage: Shrieking Hollow","1","5","60","60","40","2024","1,2,3,4,5","4","16+","Moderate in-game text - needs crib sheet or paste ups","","","","","","expansion","","","","","","","","","","","","","","",""
"Nightshift","383172","8","1","0","1","0","0","0","0","0","0","0","1","","1-5 Players
40-90 min 
S-2-1

Very much on theme","","","","139294821","5.78874","7.6829","1.6786","4963","1250","thing","Nightshift","1","5","90","90","40","2025","1,2,3,4,5","4","16+","","","","","","","standalone","","","","","","","","","","","","","","",""
"Nine Tiles Panic","279869","0","0","0","1","0","0","0","0","0","0","0","3","","","","","","140259261","6.15538","6.8907","1.2857","2418","4273","thing","Nine Tiles Panic","2","5","20","20","20","2019","2,3,4,5","4,5","6+","Some necessary text - easily memorized or small crib sheet","","","","","","standalone","","","","","","","","","","","","","","",""
"Nocturne","393175","0","0","0","1","0","0","0","0","0","0","0","3","","1 - 4 players
30 - 45 min
S-3-4","","","","139486817","5.90918","6.88928","2.2121","3819","3565","thing","Nocturne","1","4","45","45","30","2024","1,2,3,4","2","8+","Some necessary text - easily memorized or small crib sheet","","","","","","standalone","","","","","","","","","","","","","","",""
"Not It!: The Camping Chaos Edition","377280","0","0","0","1","0","0","0","0","0","0","0","3","","3 - 6 players
5 - 15
C-B-5","","","","135497282","0","5.91667","0","0","70","thing","Not It!: The Camping Chaos Edition","3","6","15","15","5","2022","","","","","","","","","","standalone","","","","","","","","","","","","","","",""
"Not It!: The Cryptid Hunters Edition","301698","0","0","0","1","0","0","0","0","0","0","0","3","","3 - 6 Players
10 - 25 minutes
C-B-5","","","","147069326","0","4.83333","0","0","70","thing","Not It!: The Cryptid Hunters Edition","3","6","25","25","10","2020","","","","","","","","","","standalone","","","","","","","","","","","","","","",""
"Notebook Nations","447130","9.2","1","0","1","0","0","0","0","0","0","0","3","","1-4 players
50-150min 
S-3-5","","","","146488719","5.53575","7.4807","2.4","15558","279","thing","Notebook Nations","1","4","150","150","50","2026","2,3,4","4","","","","","","","","standalone","","","","","","","","","","","","","","",""
"Nothing Personal","120523","0","0","0","1","0","0","0","0","0","0","0","3","","3-5 players
120 minutes
C-C-5","","","","147552227","6.27352","7.01685","2.7818","1977","3469","thing","Nothing Personal","3","5","120","120","120","2013","3,4,5","4,5","12+","Some necessary text - easily memorized or small crib sheet","","","","","","standalone","","","","","","","","","","","","","","",""
"Oasis: New Life on A Distant World","463628","0","0","0","1","0","0","0","0","0","0","0","3","","1-5 Players
60 Minutes","","","","147962572","0","8.20833","2","0","55","thing","Oasis: New Life on A Distant World","1","5","60","60","45","2026","1","1","","","","","","","","standalone","","","","","","","","","","","","","","",""
"Oath","291572","0","0","0","1","0","0","0","0","0","0","0","3","","1 - 6 players
45-150 minutes
S-5-2","","","","135500613","7.16582","7.70786","4.1241","335","21131","thing","Oath","1","6","150","150","45","2021","3,4,5","4","14+","Extensive use of text - massive conversion needed to be playable","","","","","","standalone","","","","","","","","","","","","","","",""
"Oathsworn: Into the Deepwood","251661","0","0","0","1","0","0","0","0","0","0","0","4","","","","","","139293664","7.72459","8.75409","3.6955","63","13107","thing","Oathsworn: Into the Deepwood","1","4","90","90","30","2022","1,2,3,4","2,4","14+","Unplayable in another language","","","","","","standalone","","","","","","","","","","","","","","",""
"Oceans","232414","0","0","0","1","0","0","0","0","0","0","0","3","","2. - 4 players 
60 minutes
S-1-3

Hand management 
Has application","","","","138693151","6.88458","7.38321","2.8468","642","14139","thing","Oceans","2","4","90","90","60","2020","2,3,4","3","10+","Moderate in-game text - needs crib sheet or paste ups","","","","","","standalone","","","","","","","","","","","","","","",""
"Oddland","428636","0","0","0","1","0","0","0","0","0","0","0","3","","1-5 Players
30 Min
C-B-3","","","","136061048","5.76936","6.94561","1.6154","5196","1833","thing","Oddland","1","5","40","40","40","2025","1,2,3,4","4","10+","Some necessary text - easily memorized or small crib sheet","","","","","","standalone","","","","","","","","","","","","","","",""
"Oddland: The Big and the Bold","431706","0","0","0","1","0","0","0","0","0","0","0","3","","","","","","136061053","5.53955","7.16552","2","0","812","thing","Oddland: The Big and the Bold","1","5","40","40","40","2025","","","","","","","","","","expansion","","","","","","","","","","","","","","",""
"Of Popes & Plagues","420757","0","0","0","1","0","0","0","0","0","0","0","3","","2-6 players
20-60 min 
S-2-3","","","","142292073","5.53003","7.00392","1.3333","16775","161","thing","Of Popes & Plagues","2","6","60","60","20","2025","3,4,5,6","6","10","","","","","","","standalone","","","","","","","","","","","","","","",""
"Oh My Pigeons!","413435","0","0","0","1","0","0","0","0","0","0","0","3","","2 - 5 players
3 - 15 minutes","","","","139483814","5.58344","6.04715","1","10446","2080","thing","Oh My Pigeons!","2","5","15","15","3","2024","3,4,5","4,5","6+","Moderate in-game text - needs crib sheet or paste ups","","","","","","standalone","","","","","","","","","","","","","","",""
"The Old King's Crown","357873","0","0","0","1","0","0","0","0","0","0","0","3","","1-4 players 
60-120 minutes
S-5-4","","","","148035331","6.94271","8.05668","3.693","570","7544","thing","The Old King's Crown","1","4","120","120","60","2025","1,2,3,4","3","14+","Extensive use of text - massive conversion needed to be playable","","","","","","standalone","","","","","","","","","","","","","","",""
"One Last Fight","463580","0","0","0","1","0","0","0","0","0","0","0","3","","1-4 Players
60-120 MIn 
C-A-1","","","","147297861","5.51111","7.20968","2.5","22609","87","thing","One Last Fight","1","4","120","120","60","2026","3,4","1,2","","","","","","","","standalone","","","","","","","","","","","","","","",""
"One Night Ultimate Werewolf","147949","0","0","0","1","0","0","0","0","0","0","0","3","","3 - 10 players
10 min
C-B-5","","","","139486041","6.85322","7.03171","1.3834","683","60014","thing","One Night Ultimate Werewolf","3","10","10","10","10","2014","4,5,6,7,8,9,10","6,7,8","10+","No necessary in-game text","","","","","","standalone","","","","","","","","","","","","","","",""
"One Night Werewolf","142503","0","0","0","1","0","0","0","0","0","0","0","3","","3 - 10 players","","","","135496741","5.61334","6.10041","1.2222","8825","1295","thing","One Night Werewolf","3","7","10","10","10","2012","4,5,6","5","8+","No necessary in-game text","","","","","","standalone","","","","","","","","","","","","","","",""
"Operation Barclay","404923","0","0","0","1","0","0","0","0","0","0","0","3","","2 Players
30 minutes
C-B-4","","","","140311991","5.62646","7.00661","2","8306","853","thing","Operation Barclay","2","2","40","40","25","2024","2","2","16+","Extensive use of text - massive conversion needed to be playable","","","","","","standalone","","","","","","","","","","","","","","",""
"Orbis","255507","0","0","0","1","0","0","0","0","0","0","0","3","","2-4 Players
45 min 
S-3-1","","","","148058461","6.06459","6.57655","2.0333","2862","5318","thing","Orbis","2","4","45","45","45","2018","2,3,4","3","10+","No necessary in-game text","","","","","","standalone","","","","","","","","","","","","","","",""
"The Oregon Trail Card Game","205322","0","0","0","1","0","0","0","0","0","0","0","3","","2 - 6 players
30 - 45 minutes
C-B-5","","","","135496608","4.6341","4.21032","1.1852","31036","11790","thing","The Oregon Trail Card Game","2","6","45","45","30","2016","3,4,5,6","5,6","8+","Moderate in-game text - needs crib sheet or paste ups","","","","","","standalone","","","","","","","","","","","","","","",""
"The Oregon Trail Game: Journey to Willamette Valley","256792","0","0","0","1","0","0","0","0","0","0","0","3","","2 - 4 players
30-60 min 
S-3-2","","","","135498967","5.52879","5.77188","2.25","17064","1821","thing","The Oregon Trail Game: Journey to Willamette Valley","2","4","60","60","30","2018","2,3,4","2","8+","","","","","","","standalone","","","","","","","","","","","","","","",""
"The Others","172047","0","0","0","1","0","0","0","0","0","0","0","3","","2 - 5 players","","","","135500503","6.56316","7.28331","3.0565","1183","8938","thing","The Others","2","5","90","90","90","2016","2,3,4,5","5","12+","Extensive use of text - massive conversion needed to be playable","","","","","","standalone","","","","","","","","","","","","","","",""
"OUTFOX the FOX","431480","0","0","0","1","0","0","0","0","0","0","0","3","","3 - 10 players
20 - 60 minutes
C-A-5","","","","139483950","5.5882","7.34667","1","10109","294","thing","OUTFOX the FOX","3","10","60","60","20","2025","3,4,5,6,7,8,9,10","5,6,7,8,9,10","","","","","","","","standalone","","","","","","","","","","","","","","",""
"Outlive","191051","0","0","0","1","0","0","0","0","0","0","0","3","","","","","","147551565","6.63267","7.25667","3.0345","1043","8359","thing","Outlive","2","4","110","110","40","2017","2,3,4","4","12+","Some necessary text - easily memorized or small crib sheet","","","","","","standalone","","","","","","","","","","","","La Boîte de Jeu","English","2017","English collector's edition"
"Overboss: A Boss Monster Adventure","310192","0","0","0","1","0","0","0","0","0","0","0","3","","1-5 players
20-30 min 
S-3-3","","","","146488344","6.34675","7.26036","2.0364","1727","6365","thing","Overboss: A Boss Monster Adventure","1","5","30","30","20","2021","1,2,3,4,5","3","8+","Some necessary text - easily memorized or small crib sheet","","","","","","standalone","","","","","","","","","","","","","","",""
"Pac-Man: The Board Game","285992","0","0","0","1","0","0","0","0","0","0","0","3","","","","","","137223546","5.56339","5.99174","1.2","11970","1721","thing","Pac-Man: The Board Game","2","5","90","90","20","2019","2,3,5","2","6+","No necessary in-game text","","","","","","standalone","","","","","","","","","","","","","","",""
"Paint the Roses","253759","0","0","0","1","0","0","0","0","0","0","0","1","","2 - 5 players
50 - 70 min
C-B-1","","","","139487243","6.39486","7.15307","2.4426","1610","5098","thing","Paint the Roses","2","5","70","70","50","2022","2,3,4,5","4","10+","Some necessary text - easily memorized or small crib sheet","","","","","","standalone","","","","","","","","","","","","","","",""
"PAIRZI","327376","0","0","0","1","0","0","0","0","0","0","0","3","","","","","","146488749","0","5.45455","1","0","120","thing","PAIRZI","2","6","15","15","5","2019","","","","No necessary in-game text","","","","","","standalone","","","","","","","","","","","","","","",""
"Pakal","274349","0","0","0","1","0","0","0","0","0","0","0","3","","2-4 players
20 min 
S-2-2","","","","147069422","5.85842","6.94348","1.2273","4238","1817","thing","Pakal","2","4","20","20","20","2020","2,3,4","4","8+","No necessary in-game text","","","","","","standalone","","","","","","","","","","","","","","",""
"The Palace of Mad King Ludwig","223278","0","0","0","1","0","0","0","0","0","0","0","3","","2 - 4 players
75 min
B-A-1","","","","139486939","5.98644","6.85283","2.8261","3285","2874","thing","The Palace of Mad King Ludwig","2","4","75","75","75","2017","2,3,4","2","12+","No necessary in-game text","","","","","","standalone","","","","","","","","","","","","","","",""
"Panda Royale","398996","7","2","0","1","0","0","0","0","0","0","0","3","","2 - 10 Players
20 - 30 minutes
C-B-2","","","","147178354","6.15772","7.34234","1.1579","2405","3019","thing","Panda Royale","2","10","30","30","20","2024","3,4,5,6,7,8,9,10","5,6,7","8+","No necessary in-game text","","","","","","standalone","","","","","","","","","","","","","","",""
"Pandemic","30549","7.9","2","0","1","0","0","0","0","0","0","0","3","","2 - 4 players
45 min
S-2-3","","","","139486895","7.40206","7.51183","2.3936","174","227758","thing","Pandemic","2","4","45","45","45","2008","1,2,3,4","4","10+","Some necessary text - easily memorized or small crib sheet","","","","","","standalone","","","","","","","","","","","","","","",""
"Pandemic Legacy: Season 1","161936","8.5","4","0","1","0","0","0","0","0","0","0","3","","2 - 4 players","","","","135499177","8.34459","8.50181","2.8282","3","89756","thing","Pandemic Legacy: Season 1","2","4","60","60","60","2015","2,3,4","4","12+","Extensive use of text - massive conversion needed to be playable","","","","","","standalone","","","","","","","","","","","","","","",""
"Pandemic: Hot Zone – North America","301919","8","1","0","1","0","0","0","0","0","0","0","3","","2-4 Players
30 Min 
C-A-1","","","","142834935","6.23369","6.95846","1.8667","2117","9850","thing","Pandemic: Hot Zone – North America","2","4","30","30","30","2020","1,2,3,4","2","8+","Some necessary text - easily memorized or small crib sheet","","","","","","standalone","","","","","","","","","","","","","","",""
"Pandemic: On the Brink","40849","0","0","0","1","0","0","0","0","0","0","0","3","","","","","","146488553","7.68721","8.02792","2.6536","0","54093","thing","Pandemic: On the Brink","2","5","45","45","45","2009","1,2,3,4,5","4","10+","Moderate in-game text - needs crib sheet or paste ups","","","","","","expansion","","","","","","","","","","","","","","",""
"Pandemic: Rapid Response","280789","6.9","1","0","1","0","0","0","0","0","0","0","3","","","","","","147522077","6.07302","6.5473","2.1186","2817","9697","thing","Pandemic: Rapid Response","2","4","20","20","20","2019","2,3,4","2","10+","Some necessary text - easily memorized or small crib sheet","","","","","","standalone","","","","","","","","","","","","","","",""
"Pandemic: State of Emergency","168703","0","0","0","1","0","0","0","0","0","0","0","3","","","","","","140198989","6.38526","7.5629","2.6471","0","10784","thing","Pandemic: State of Emergency","2","4","45","45","45","2015","1,2,3,4","4","12+","Some necessary text - easily memorized or small crib sheet","","","","","","expansion","","","","","","","","","","","","","","",""
"Paperback Adventures","338468","0","0","0","1","0","0","0","0","0","0","0","3","","1 - 2 players
50 - 150 minutes 
C-C-4
Adventure
Need adventure Expanison to play","","","","138695619","6.03059","7.59953","2.7857","3042","2704","thing","Paperback Adventures","1","2","150","150","50","2022","1,2","1","14+","Unplayable in another language","","","","","","standalone","","","","","","","","","","","","","","",""
"Paperback Adventures: Damsel","341083","0","0","0","1","0","0","0","0","0","0","0","3","","C-C-4
Expansion","","","","138695627","5.64041","7.78064","3","0","1701","thing","Paperback Adventures: Damsel","1","2","150","150","50","2022","1,2","1","","","","","","","","expansion","","","","","","","","","","","","","","",""
"Paperback Adventures: Ex Machina","341088","0","0","0","1","0","0","0","0","0","0","0","3","","C-C-4
Expansion","","","","138695633","5.6308","7.67249","2.6667","0","1646","thing","Paperback Adventures: Ex Machina","1","2","150","150","50","2022","1","1","14+","Unplayable in another language","","","","","","expansion","","","","","","","","","","","","","","",""
"Paperback Adventures: Plothook","341094","0","0","0","1","0","0","0","0","0","0","0","3","","C-C-4
Expanison","","","","138695650","5.61036","7.74993","2.6667","0","1633","thing","Paperback Adventures: Plothook","1","2","150","150","50","2022","1","1","14+","Unplayable in another language","","","","","","expansion","","","","","","","","","","","","","","",""
"Parks","266524","0","0","0","1","0","0","0","0","0","0","0","3","","1-5 players
30-60 Min 
S-2-2","","","","146488028","7.39342","7.61151","2.1289","181","54115","thing","Parks","1","5","60","60","30","2019","1,2,3,4","3","10+","Some necessary text - easily memorized or small crib sheet","","","","","","standalone","","","","","","","","","","","","","","",""
"Parks: Nightfall","298729","0","0","0","1","0","0","0","0","0","0","0","3","","Expansion 
S-2-2","","","","146488036","7.18203","8.13998","2.2353","0","19778","thing","Parks: Nightfall","1","5","70","70","40","2021","1,2,3,4","3","10+","Some necessary text - easily memorized or small crib sheet","","","","","","expansion","","","","","","","","","","","","","","",""
"Parks: Roll & Hike","424980","0","0","0","1","0","0","0","0","0","0","0","3","","","","","","136185306","5.69669","7.04013","2","6422","1704","thing","Parks: Roll & Hike","1","4","40","40","20","2024","1,2,3,4","2","10+","Some necessary text - easily memorized or small crib sheet","","","","","","standalone","","","","","","","","","","","","","","",""
"Patchwork Specials: 10 Year Anniversary Edition","163412","8","1","0","1","0","0","0","0","0","0","0","3","","2 player
30 minutes
C-B-4","","","","136158954","7.47126","7.57754","1.5967","148","124059","thing","Patchwork","2","2","30","30","15","2024","2","2","6+","No necessary in-game text","","","","","","standalone","","","","","","","","","","","","Lookout Games","English","2024","English edition"
"Penny Black","394961","0","0","0","1","0","0","0","0","0","0","0","3","","2 - 4 players
20 Min 
S-2-4","","","","135498585","5.76101","7.05789","1.7692","5326","1191","thing","Penny Black","2","4","20","20","0","2023","2,3,4","3","10+","","","","","","","standalone","","","","","","","","","","","","","","",""
"Perch","387560","0","0","0","1","0","0","0","0","0","0","0","3","","2-5 players
30-60 min
S-3-5","","","","142291537","5.97113","7.03701","2.1818","3380","2605","thing","Perch","2","5","60","60","30","2025","2,3,4,5","4","10+","Some necessary text - easily memorized or small crib sheet","","","","","","standalone","","","","","","","","","","","","","","",""
"The Perfect Wave","388683","0","0","0","1","0","0","0","0","0","0","0","3","","2 - 4 player
30 - 60 minutes","","","","139480907","5.57077","6.96015","2","11353","376","thing","The Perfect Wave","2","4","60","60","30","2023","2,3,4","2,3,4","8+","","","","","","","standalone","","","","","","","","","","","","","","",""
"Petiquette","443982","0","0","0","1","0","0","0","0","0","0","0","3","","","","","","140295356","5.66197","6.51853","1.1818","7219","1124","thing","Petiquette","2","6","20","20","20","2025","4,5,6","5,6","8+","No necessary in-game text","","","","","","standalone","","","","","","","","","","","","","","",""
"Pick 'n Packers","453785","0","0","0","1","0","0","0","0","0","0","0","3","","","","","","140259279","5.61614","6.67788","1","8698","718","thing","Pick 'n Packers","3","6","20","20","20","2025","4,5,6","5","8+","No necessary in-game text","","","","","","standalone","","","","","","","","","","","","","","",""
"Picnic Twist","380163","7.2","1","0","1","0","0","0","0","0","0","0","3","","","","","","140312844","0","7.02045","2","0","58","thing","Picnic Twist","1","9","0","0","0","2023","2,3,4,5,6,7,8,9","2,3,4,5","8+","","","","","","","standalone","","","","","","","","","","","","","","",""
"Pictionary Air","272889","0","0","0","1","0","0","0","0","0","0","0","3","","4+ players","","","","135497457","5.53618","5.74589","1","15488","2356","thing","Pictionary Air","3","12","60","60","15","2019","3,4,5,6,7,8","4","8+","Some necessary text - easily memorized or small crib sheet","","","","","","standalone","","","","","","","","","","","","","","",""
"Piggy Piggy","416850","0","0","0","1","0","0","0","0","0","0","0","3","","2 - 6 players","","","","135496859","5.59782","6.59005","1.3333","9589","938","thing","Piggy Piggy","2","6","20","20","15","2024","2,3,4,5,6","4,5","6+","No necessary in-game text","","","","","","standalone","","","","","","","","","","","","","","",""
"Pillars of Fate","440941","0","0","0","1","0","0","0","0","0","0","0","3","","2 players
30 - 45 minutes 
C-B-1

Card battler","","","","138695803","5.77777","7.70893","1.8889","5087","1597","thing","Pillars of Fate","2","2","45","45","30","2025","2","2","","","","","","","","standalone","","","","","","","","","","","","","","",""
"Piñatas","446249","0","0","0","1","0","0","0","0","0","0","0","3","","2-5 Players
30 Minutes
C-B-3","","","","147925049","5.84285","7.37452","1.2857","4390","1410","thing","Piñatas","2","5","40","40","30","2025","3,4,5","4,5","8+","No necessary in-game text","","","","","","standalone","","","","","","","","","","","","","","",""
"Pirates of the High Teas","421974","0","0","0","1","0","0","0","0","0","0","0","3","","1-4 players
30-45 min 
S-2-3","","","","146873692","5.63146","7.87446","2","8124","647","thing","Pirates of the High Teas","1","4","45","45","30","2026","1,2,3,4","3","8+","","","","","","","standalone","","","","","","","","","","","","","","",""
"Pitch Out","255635","0","0","0","1","0","0","0","0","0","0","0","3","","2 Players
5-10 Min
C-A-2","","","","136402042","5.60512","6.99113","1","9225","560","thing","Pitch Out","2","2","10","10","5","2020","2","2","5+","No necessary in-game text","","","","","","standalone","","","","","","","","","","","","","","",""
"Plague Inc.: The Board Game","195162","8.5","1","0","1","0","0","0","0","0","0","0","3","","1 - 4 players 
60 minutes
Area control 

Really liked the video game version of this game. was excited to get my hands on this game. This game is good. It does a good job of being a board game version of the video game.","","","","135501899","6.43365","7.34466","2.1405","1502","6987","thing","Plague Inc.: The Board Game","1","4","60","60","60","2017","1,2,3,4","4","12+","Moderate in-game text - needs crib sheet or paste ups","","","","","","standalone","","","","","","","","","","","","","","",""
"Plague Inc.: The Board Game – Armageddon","278166","0","0","0","1","0","0","0","0","0","0","0","3","","Expansion","","","","139209425","5.72705","7.83694","2.4545","0","1684","thing","Plague Inc.: The Board Game – Armageddon","1","5","75","75","45","2019","1,2,3,4,5","3,4","12+","","","","","","","expansion","","","","","","","","","","","","","","",""
"Planet Defenders","204879","0","0","0","1","0","0","0","0","0","0","0","3","","2 - 4 players","","","","135498056","5.66749","6.54151","2.1818","7090","1143","thing","Planet Defenders","2","4","60","60","30","2016","2,3,4","2,4","8+","No necessary in-game text","","","","","","standalone","","","","","","","","","","","","","","",""
"Planet Unknown","258779","0","0","0","1","0","0","0","0","0","0","0","3","","1 - 6 players
60-80 minutes
S-5-5","","","","136096169","7.4144","7.75857","2.2527","167","21429","thing","Planet Unknown","1","6","80","80","60","2022","1,2,3,4,5,6","4","10+","Moderate in-game text - needs crib sheet or paste ups","","","","","","standalone","","","","","","","","","","","","","","",""
"Planta Nubo","388339","0","0","0","1","0","0","0","0","0","0","0","3","","1-4 players
30-120 min 
S-3-3","","","","147069568","6.03204","7.20228","3.9211","3030","2433","thing","Planta Nubo","1","4","120","120","30","2023","1,2,3","2","14+","No necessary in-game text","","","","","","standalone","","","","","","","","","","","","","","",""
"Please Don't Burn My Village!","438119","8.5","2","0","1","0","0","0","0","0","0","0","3","","2 - 5 Players
20 - 30 minutes
C-B-2","","","","136060911","5.62019","6.40454","1.5","8543","545","thing","Please Don't Burn My Village!","2","5","30","30","20","2025","2,3,4,5","3,4","8+","No necessary in-game text","","","","","","standalone","","","","","","","","","","","","","","",""
"Pocket Paragons: Origins","321240","0","0","0","1","0","0","0","0","0","0","0","3","","","","","","140312612","5.54364","7.57459","1.6667","14249","207","thing","Pocket Paragons: Origins","2","2","15","15","3","2022","2","2","","","","","","","","standalone","","","","","","","","","","","","","","",""
"Poetry for Neanderthals","312786","0","0","0","1","0","0","0","0","0","0","0","3","","2 - 12 players
15 minutes
C-B-5","","","","135496574","6.1633","6.6415","1.1111","2379","12546","thing","Poetry for Neanderthals","2","12","15","15","15","2020","4,5,6,7,8,9,10,12","6,8","8+","Unplayable in another language","","","","","","standalone","","","","","","","","","","","","","","",""
"Poker","1115","0","0","0","1","0","0","0","0","0","0","0","3","","2 - 6 players","","","","135496972","6.46528","6.72259","2.4254","1412","12021","thing","Poker","2","10","60","60","60","1810","3,4,5,6,7,8,9","5,6","12+","No necessary in-game text","","","","","","standalone","","","","","","","","","","","","","","",""
"Posthuman Saga","244820","0","0","0","1","0","0","0","0","0","0","0","3","","1-4 players
30-120 min 
S-3-2","","","","146865621","5.6932","6.95955","3.4","6499","2083","thing","Posthuman Saga","1","4","120","120","30","2019","1,2,3,4","3","14+","Extensive use of text - massive conversion needed to be playable","","","","","","standalone","","","","","","","","","","","","","","",""
"Posthuman Saga: Settlements Mini-Expansion","263187","0","0","0","1","0","0","0","0","0","0","0","3","","Expansion","","","","147963467","0","7.46296","0","0","619","thing","Posthuman Saga: Settlements Mini-Expansion","1","4","0","0","0","2019","","","","","","","","","","expansion","","","","","","","","","","","","","","",""
"Posthuman Saga: The Outcast Promo Pack","259347","0","0","0","1","0","0","0","0","0","0","0","3","","Expansion","","","","147963453","5.52103","7.21765","0","0","692","thing","Posthuman Saga: The Outcast Promo Pack","1","4","120","120","30","2019","","","","","","","","","","expansion","","","","","","","","","","","","","","",""
"Power Grid","2651","8.3","1","0","1","0","0","0","0","0","0","0","3","","2-6 players
120 minutes
S-5-2","","","","137223580","7.68043","7.79796","3.2452","77","87340","thing","Power Grid","2","6","120","120","120","2004","3,4,5,6","4,5","12+","No necessary in-game text","","","","","","standalone","","","","","","","","","","","","","","",""
"Power Grid: Fabled Expansion","232004","0","0","0","1","0","0","0","0","0","0","0","3","","expansion
S-5-2","","","","139485724","5.60626","6.92284","3.3333","0","2076","thing","Power Grid: Fabled Expansion","2","6","120","120","120","2017","4,5","4","14+","Extensive use of text - massive conversion needed to be playable","","","","","","expansion","","","","","","","","","","","","","","",""
"Power Grid: Outpost","424395","0","0","0","1","0","0","0","0","0","0","0","3","","2-6 players
90-120 minutes
S-5-2","","","","148035443","5.79488","7.43212","3.0667","4889","912","thing","Power Grid: Outpost","2","6","120","120","90","2024","3,4,5,6","4,5","12+","No necessary in-game text","","","","","","standalone","","","","","","","","","","","","","","",""
"Power Hungry Pets","411404","0","0","0","1","0","0","0","0","0","0","0","3","","2 - 6 players","","","","135496594","5.82781","6.94004","1.15","4522","2844","thing","Power Hungry Pets","2","6","15","15","15","2024","3,4,5,6","4,5","8+","Extensive use of text - massive conversion needed to be playable","","","","","","standalone","","","","","","","","","","","","","","",""
"Power Plants","341974","0","0","0","1","0","0","0","0","0","0","0","3","","1-5 players
30 Min 
S-2-3","","","","148056079","6.04821","7.09222","2.5192","2948","3152","thing","Power Plants","1","5","30","30","30","2022","1,2,3,4","2","10+","Some necessary text - easily memorized or small crib sheet","","","","","","standalone","","","","","","","","","","","","","","",""
"Power Vacuum","402106","0","0","0","1","0","0","0","0","0","0","0","3","","1 - 5 Players
30 - 45 Minutes
C-B-2","","","","146873727","5.84279","6.79001","2.037","4391","1613","thing","Power Vacuum","1","5","45","45","30","2024","3,4,5","4,5","8+","No necessary in-game text","","","","","","standalone","","","","","","","","","","","","","","",""
"Princess Jing","218179","0","0","0","1","0","0","0","0","0","0","0","3","","","","","","146873806","5.65927","6.30783","1.1579","7286","1563","thing","Princess Jing","2","2","30","30","15","2018","2","2","8+","No necessary in-game text","","","","","","standalone","","","","","","","","","","","","","","",""
"Project L","260180","0","0","0","1","0","0","0","0","0","0","0","3","","1 - 4 Players
20 - 40 Minutes
C-B-2","","","","147998605","7.10915","7.44305","1.5547","383","23882","thing","Project L","1","4","40","40","20","2020","1,2,3,4","2,3","8+","No necessary in-game text","","","","","","standalone","","","","","","","","","","","","","","",""
"Propolis","431994","7.8","2","0","1","0","0","0","0","0","0","0","3","","1 - 4 players
15 - 30 minutes
C-B-1

Worker placement and siege building
Build the best beehive","","","","139483793","6.05817","7.07985","2.0784","2898","4386","thing","Propolis","1","4","30","30","15","2025","1,2,3,4","3","10+","No necessary in-game text","","","","","","standalone","","","","","","","","","","","","","","",""
"Pusheen Purrfect Pick","331573","0","0","0","1","0","0","0","0","0","0","0","3","","2 - 5 players
30 minutes
C-B-2","","","","139483090","5.54293","6.17685","1.3333","14366","650","thing","Pusheen Purrfect Pick","2","5","30","30","10","2021","2,3,4,5","3","8+","Moderate in-game text - needs crib sheet or paste ups","","","","","","standalone","","","","","","","","","","","","","","",""
"QE","266830","7.7","1","0","1","0","0","0","0","0","0","0","3","","3 - 5 players
30 Min
C-B-3","","","","136062627","6.90111","7.32181","1.5442","628","12610","thing","QE","3","5","45","45","45","2019","3,4,5","5","10+","No necessary in-game text","","","","","","standalone","","","","","","","","","","","","","","",""
"Quacks","244521","0","0","0","1","0","0","0","0","0","0","0","3","","2 - 4 players
45 min 
S-2-2","","","","135498480","7.66553","7.80233","1.9414","80","95252","thing","Quacks","2","4","45","45","45","2018","2,3,4","4","8+","Moderate in-game text - needs crib sheet or paste ups","","","","","","standalone","","","","","","","","","","","","","","",""
"Quidditch: The Game","6485","0","0","0","1","0","0","0","0","0","0","0","3","","2 -14 players
30 min","","","","139485750","5.39829","2.83227","1.6667","30819","339","thing","Quidditch: The Game","2","14","30","30","30","2000","","","","","","","","","","standalone","","","","","","","","","","","","","","",""
"Quorum","429851","0","0","0","1","0","0","0","0","0","0","0","3","","2-4 Players
45 Min 
C-C-1","","","","136060945","5.73338","7.05435","2.2857","5739","1242","thing","Quorum","2","4","45","45","45","2025","2,3,4","3,4","10","No necessary in-game text","","","","","","standalone","","","","","","","","","","","","","","",""
"Qwirkle","25669","0","0","0","1","0","0","0","0","0","0","0","3","","2 - 4 players
45 min","","","","138697451","6.61245","6.77478","1.5784","1083","45274","thing","Qwirkle","2","4","45","45","45","2006","2,3,4","4","6+","No necessary in-game text","","","","","","standalone","","","","","","","","","","","","","","",""
"Ra","12","9","4","0","1","0","0","0","0","0","0","0","3","","2-5 Players
45-60 Min 
B-A-5","","","","147518388","7.55771","7.71793","2.3046","113","40930","thing","Ra","2","5","60","60","45","2025","3,4,5","3,4","10+","No necessary in-game text","","","","","","standalone","","","","","","","","","","","","25th Century Games","English","2025","25th Century Games English deluxe edition, second printing"
"RA and Write","422796","8","2","0","1","0","0","0","0","0","0","0","3","","2-5 Players
20 Min
C-A-1

Wonderful game","","","","146534623","5.77595","7.20037","1.4167","5111","1166","thing","RA and Write","2","5","20","20","20","2025","2,3,4,5","2,3","10+","No necessary in-game text","","","","","","standalone","","","","","","","","","","","","","","",""
"Raccoon Tycoon","254386","0","0","0","1","0","0","0","0","0","0","0","3","","2 - 5 players
60-90 Min 
B-A-3","","","","135498240","6.66926","7.20651","2.1553","975","11702","thing","Raccoon Tycoon","2","5","90","90","60","2018","3,4,5","4","10+","Some necessary text - easily memorized or small crib sheet","","","","","","standalone","","","","","","","","","","","","","","",""
"Race to the Raft","367375","0","0","0","1","0","0","0","0","0","0","0","3","","1 - 4 players
40 - 60 minutes
S-2-2","","","","139484256","5.97525","7.19204","2.1538","3351","2863","thing","Race to the Raft","1","4","60","60","40","2023","1,2,3,4","2","6+","Some necessary text - easily memorized or small crib sheet","","","","","","standalone","","","","","","","","","","","","","","",""
"Radioactive Bees","311527","0","0","0","1","0","0","0","0","0","0","0","3","","1-4 players
30-60 Min 
S-2-2","","","","137223725","5.53319","7.88261","2","16087","92","thing","Radioactive Bees","1","4","60","60","30","2020","2,3","3","8+","No necessary in-game text","","","","","","standalone","","","","","","","","","","","","","","",""
"Radlands","329082","7.8","1","0","1","0","0","0","0","0","0","0","3","","2 players
20 - 40 minutes
C-A-4","","","","139482652","7.35166","7.73545","2.2752","213","28667","thing","Radlands","2","2","40","40","20","2021","2","2","12+","Moderate in-game text - needs crib sheet or paste ups","","","","","","standalone","","","","","","","","","","","","Roxley","English","2021","English super deluxe edition"
"Rafter Five","405538","0","0","0","1","0","0","0","0","0","0","0","3","","","","","","140259280","5.8398","6.66873","1.0625","4416","2391","thing","Rafter Five","1","6","20","20","20","2023","2,3,4,6","4","6+","No necessary in-game text","","","","","","standalone","","","","","","","","","","","","","","",""
"Ramen Extreme","428353","0","0","0","1","0","0","0","0","0","0","0","3","","2 - 5 players","","","","135497255","5.50882","6.25882","1","23372","143","thing","Ramen Extreme","2","5","15","15","15","2024","","","","","","","","","","standalone","","","","","","","","","","","","","","",""
"Ready Set Bet","351040","0","0","0","1","0","0","0","0","0","0","0","3","","2-9 players
45-60 min 
S-3-4","","","","137223587","7.05601","7.48417","1.3431","442","16819","thing","Ready Set Bet","2","9","60","60","45","2022","4,5,6,7,8,9","6,7,8","10+","Some necessary text - easily memorized or small crib sheet","","","","","","standalone","","","","","","","","","","","","","","",""
"Rebirth","417197","0","0","0","1","0","0","0","0","0","0","0","3","","2-4 Players
45-60 Min
S-1-1","","","","137223576","7.1401","7.7611","1.9912","359","12176","thing","Rebirth","2","4","60","60","45","2024","2,3,4","3","8+","Moderate in-game text - needs crib sheet or paste ups","","","","","","standalone","","","","","","","","","","","","","","",""
"Red Rising","329465","0","0","0","1","0","0","0","0","0","0","0","3","","","","","","140312210","6.61694","6.95903","2.31","1075","19876","thing","Red Rising","1","6","60","60","45","2021","1,2,3,4","3","12+","Extensive use of text - massive conversion needed to be playable","","","","","","standalone","","","","","","","","","","","","","","",""
"Refuge","428457","0","0","0","1","0","0","0","0","0","0","0","3","","2-4 players
30-45 min 
S-3-4","","","","140199057","5.53569","5.87194","1.3","15570","201","thing","Refuge","2","4","45","45","30","2024","2,3,4","2","8+","No necessary in-game text","","","","","","standalone","","","","","","","","","","","","","","",""
"Regicide","307002","8","2","0","1","0","0","0","0","0","0","0","3","","","","","","146472386","6.96015","7.39246","1.9689","550","16421","thing","Regicide","1","4","30","30","10","2020","1,2,3,4","2","10+","No necessary in-game text","","","","","","standalone","","","","","","","","","","","","","","",""
"Regicide Legacy","412963","9","7","0","1","0","0","0","0","0","0","0","3","","Expensive but fun!","","","","146873840","6.08212","8.55564","2.4444","2763","1824","thing","Regicide Legacy","1","4","60","60","20","2025","1,2,3,4","2","10+","","","","","","","standalone","","","","","","","","","","","","","","",""
"Rex: Final Days of an Empire","104363","0","0","0","1","0","0","0","0","0","0","0","3","","3 - 6 players","","","","135498982","6.477","7.02991","3.2974","1386","7826","thing","Rex: Final Days of an Empire","3","6","180","180","120","2012","4,5,6","6","12+","Moderate in-game text - needs crib sheet or paste ups","","","","","","standalone","","","","","","","","","","","","","","",""
"Rhett & Link's We're Still Good Game","368898","0","0","0","1","0","0","0","0","0","0","0","3","","4 - 12 players
30 minutes
C-A-5","","","","135496759","5.49888","5.55574","1.5","26424","341","thing","Rhett & Link's We're Still Good Game","4","12","30","30","30","2022","4,6,8","4","16+","Extensive use of text - massive conversion needed to be playable","","","","","","standalone","","","","","","","","","","","","","","",""
"The Rise of Queensdale","238546","0","0","0","1","0","0","0","0","0","0","0","3","","2 - 4 players","","","","135500541","6.18561","7.40186","2.7857","2299","2791","thing","The Rise of Queensdale","2","4","60","60","45","2018","2,3,4","4","10+","Extensive use of text - massive conversion needed to be playable","","","","","","standalone","","","","","","","","","","","","","","",""
"Risk: Game of Thrones","179719","0","0","0","1","0","0","0","0","0","0","0","3","","2 - 7 players
120-240 minutes
C-C-5","","","","135499147","5.90791","6.63498","2.7206","3828","6274","thing","Risk: Game of Thrones","2","7","240","240","120","2015","3,4,5,6,7","4,5","14+","Moderate in-game text - needs crib sheet or paste ups","","","","","","standalone","","","","","","","","","","","","","","",""
"Risk: Plants vs. Zombies","148036","0","0","0","1","0","0","0","0","0","0","0","3","","2 players
60 minutes
C-A-3","","","","135498486","5.57438","6.2084","1.7857","11057","1218","thing","Risk: Plants vs. Zombies","2","2","60","60","30","2013","2","2","8+","Moderate in-game text - needs crib sheet or paste ups","","","","","","standalone","","","","","","","","","","","","","","",""
"Rival Restaurants","262114","0","0","0","1","0","0","0","0","0","0","0","1","","2-6 players
45-60 min 
S-3-5","","","","139294599","6.20643","7.53484","2.2093","2223","4568","thing","Rival Restaurants","2","6","60","60","45","2019","3,4,5,6","4,5","10+","Some necessary text - easily memorized or small crib sheet","","","","","","standalone","","","","","","","","","","","","","","",""
"Rival Restaurants: Back for Seconds","299240","0","0","0","1","0","0","0","0","0","0","0","3","","Expansion 
S-3-5","","","","142315673","5.75286","7.95158","2","0","2066","thing","Rival Restaurants: Back for Seconds","2","6","60","60","45","2020","2,3,4,5,6","4,5,6","","Some necessary text - easily memorized or small crib sheet","","","","","","expansion","","","","","","","","","","","","","","",""
"River Valley Glassworks","407297","7.8","6","0","1","0","0","0","0","0","0","0","3","","2 - 5 players
25 Min
C-B-3","","","","135501867","6.72416","7.30819","1.49","878","11501","thing","River Valley Glassworks","1","5","45","45","25","2024","1,2,3,4","2","8+","No necessary in-game text","","","","","","standalone","","","","","","","","","","","","","","",""
"River Valley Glassworks: River Glass and Other Sundries","418124","0","0","0","1","0","0","0","0","0","0","0","3","","","","","","139483851","5.81136","7.79991","2","0","3061","thing","River Valley Glassworks: River Glass and Other Sundries","2","5","30","30","20","2024","1,2,3,4,5","2,4","8+","Moderate in-game text - needs crib sheet or paste ups","","","","","","expansion","","","","","","","","","","","","","","",""
"Riverside","321108","0","0","0","1","0","0","0","0","0","0","0","3","","1 - 6 players
15 - 25 min
C-B-1","","","","139485155","6.11838","7.07511","1.8889","2598","3070","thing","Riverside","1","6","25","25","15","2021","1,2,3,4,5,6","3,4","10+","No necessary in-game text","","","","","","standalone","","","","","","","","","","","","","","",""
"Rivet Wars: Eastern Front","136000","0","0","0","1","0","0","0","0","0","0","0","3","","2 Players
30 minutes
C-A-3","","","","143815705","5.93417","7.0017","2.3962","3633","3354","thing","Rivet Wars: Eastern Front","2","2","30","30","30","2014","2","2","10+","Some necessary text - easily memorized or small crib sheet","","","","","","standalone","","","","","","","","","","","","","","",""
"Roast","418447","0","0","0","1","0","0","0","0","0","0","0","3","","","","","","146490536","5.50647","7.97742","1.5","24195","42","thing","Roast","2","8","45","45","15","2024","2,3,4,5,6","3,4,5,6","6+","","","","","","","standalone","","","","","","","","","","","","","","",""
"Robo Rescue: Origins","446149","0","0","0","1","0","0","0","0","0","0","0","3","","","","","","146873770","5.52773","6.27788","1.3333","17342","602","thing","Robo Rescue: Origins","1","12","15","15","10","2025","1","1","8+","","","","","","","standalone","","","","","","","","","","","","","","",""
"Rock 'Em Sock 'Em Robots","7308","0","0","0","1","0","0","0","0","0","0","0","3","","2 players","","","","135500182","5.32561","4.60455","1.0588","30931","736","thing","Rock 'Em Sock 'Em Robots","2","2","10","10","10","1967","2","2","5+","No necessary in-game text","","","","","","standalone","","","","","","","","","","","","","","",""
"Rock Hard: 1977","402679","0","0","0","1","0","0","0","0","0","0","0","3","","2-5 players
45-90 min 
S-3-4","","","","142575631","6.59763","7.50045","2.4842","1110","6424","thing","Rock Hard: 1977","2","5","90","90","45","2024","2,3,4,5","4,5","12+","Extensive use of text - massive conversion needed to be playable","","","","","","standalone","","","","","","","","","","","","","","",""
"Rolling Realms","305682","7.5","1","0","1","0","0","0","0","0","0","0","3","","1 - 6 players
30 Minutes
C-B-2","","","","139485141","6.58295","7.10624","2","1139","12186","thing","Rolling Realms","1","6","30","30","30","2021","1,2,3,4,5,6","1,2","10+","Some necessary text - easily memorized or small crib sheet","","","","","","standalone","","","","","","","","","","","","","","",""
"Root","237182","0","0","0","1","0","0","0","0","0","0","0","3","","2 - 4 players
60-90 Min
S-1-3","","","","135498522","7.88204","8.07082","3.8417","34","104024","thing","Root","2","4","90","90","60","2018","3,4","4","14+","Extensive use of text - massive conversion needed to be playable","","","","","","standalone","","","","","","","","","","","","","","",""
"Run Fight or Die: Reloaded","257096","8","1","0","1","0","0","0","0","0","0","0","3","","This is a fast game zombies will eat you, it feels
Like followers are more of a negative than a positive at least they can eat up wounds. Simple fun dice rolling that plays fast great filler game","","","","146259261","5.88186","7.1195","1.9565","4048","1769","thing","Run Fight or Die: Reloaded","1","4","40","40","20","2019","1,2,3,4","1,2,3","8+","Extensive use of text - massive conversion needed to be playable","","","","","","standalone","","","","","","","","","","","","","","",""
"S'Mores Wars","292788","0","0","0","1","0","0","0","0","0","0","0","3","","3 - 5 players
15-30 minutes
C-B-5","","","","135496725","5.49044","4.98513","1.5","28188","237","thing","S'Mores Wars","3","5","30","30","15","2020","3,4,5","3","","","","","","","","standalone","","","","","","","","","","","","","","",""
"Saboteur","9220","0","0","0","1","0","0","0","0","0","0","0","3","","3-10 players
30 minutes
C-B-5","","","","136401977","6.40935","6.53718","1.3164","1568","67764","thing","Saboteur","3","10","30","30","30","2004","5,6,7,8,9,10","7,8","8+","No necessary in-game text","","","","","","standalone","","","","","","","","","","","","","","",""
"Sagrada","199561","0","0","0","1","0","0","0","0","0","0","0","3","","2 - 4 players","","","","135498884","7.32512","7.46868","1.9208","227","82247","thing","Sagrada","1","4","45","45","30","2017","1,2,3,4","2","8+","Some necessary text - easily memorized or small crib sheet","","","","","","standalone","","","","","","","","","","","","","","",""
"Sagrada: 5-6 Player Expansion","244262","0","0","0","1","0","0","0","0","0","0","0","3","","Expansion","","","","135498875","6.77795","7.69517","2.1081","0","17495","thing","Sagrada: 5-6 Player Expansion","5","6","40","40","20","2018","2,3,4,5,6","3","10+","Some necessary text - easily memorized or small crib sheet","","","","","","expansion","","","","","","","","","","","","","","",""
"Sakura","227029","0","0","0","1","0","0","0","0","0","0","0","3","","2 - 6 players
20-40 min 
C-B-1","","","","135496369","5.76324","6.49895","1.4737","5290","1723","thing","Sakura","2","6","40","40","20","2018","2,3,4,5","4","8+","No necessary in-game text","","","","","","standalone","","","","","","","","","","","","","","",""
"Sanctuary","441696","8.5","1","0","1","0","0","0","0","0","0","0","1","","1-5 players
40-100 min 
S-3-4","","","","139294677","6.78395","7.65553","2.8224","780","7130","thing","Sanctuary","1","5","100","100","40","2025","1,2,3,4","2,3","12+","Moderate in-game text - needs crib sheet or paste ups","","","","","","standalone","","","","","","","","","","","","","","",""
"The Sandcastles of Burgundy","433382","8","1","0","1","0","0","0","0","0","0","0","3","","2 - 4 player game
20 Min 
S-1-2 

Fantastic game for young ones or when you want a fairly simple memory game with the goal of getting the crab queen to visit your village. Has an advanced mode for an extra level of difficulty.","","","","139334167","5.54837","6.45806","1.25","13598","452","thing","The Sandcastles of Burgundy","2","4","20","20","20","2025","2,3,4","4","3–10","","","","","","","standalone","","","","","","","","","","","","","","",""
"Sanibel","447002","0","0","0","1","0","0","0","0","0","0","0","3","","2-4 players
45 min
S-3-5","","","","143815840","5.77372","7.17235","1.8333","5138","1064","thing","Sanibel","2","4","45","45","45","2026","2,3,4","3,4","8+","","","","","","","standalone","","","","","","","","","","","","","","",""
"Santorini: Hiding in the Underworld","432117","0","0","0","1","0","0","0","0","0","0","0","3","","Expansion 
S-1-2","","","","147962529","5.52967","7.96022","0","0","331","thing","Santorini: Hiding in the Underworld","2","4","30","30","30","2025","","","","","","","","","","expansion","","","","","","","","","","","","","","",""
"Santorini: Riddle of the Sphinx","383477","0","0","0","1","0","0","0","0","0","0","0","3","","2 - 4 players
20 Min 
S-1-2

Expansion","","","","135498726","5.91771","8.02647","2.2308","0","3600","thing","Santorini: Riddle of the Sphinx","1","4","20","20","20","2025","1,2","1","12+","Extensive use of text - massive conversion needed to be playable","","","","","","expansion","","","","","","","","","","","","","","",""
"Santorini: Seasons of Chaos","432115","0","0","0","1","0","0","0","0","0","0","0","3","","Expansion 
S-1-2","","","","146873830","0","7.92024","0","0","330","thing","Santorini: Seasons of Chaos","2","4","30","30","30","2025","","","","","","","","","","expansion","","","","","","","","","","","","","","",""
"Santorini: Second Edition","439107","7.5","0","0","1","0","0","0","0","0","0","0","3","","2 - 4 players
20 Min 
S-1-2


Fun game. Easy to remember rules. Cute art.","","","","148057518","5.78507","8.01891","2","4999","1123","thing","Santorini: Second Edition","2","4","30","30","30","2025","2,4","2","8+","","","","","","","standalone","","","","","","","","","","","","","","",""
"Santorini: Soaring over Olympus","432112","0","0","0","1","0","0","0","0","0","0","0","3","","Expansion
S-1-2","","","","147962527","0","8.01103","0","0","307","thing","Santorini: Soaring over Olympus","2","4","30","30","30","2025","","","","","","","","","","expansion","","","","","","","","","","","","","","",""
"Santorini: Tides of Poseidon","432114","0","0","0","1","0","0","0","0","0","0","0","3","","Expansion 
S-1-2","","","","146873833","0","8.06262","0","0","318","thing","Santorini: Tides of Poseidon","2","4","30","30","30","2025","","","","","","","","","","expansion","","","","","","","","","","","","","","",""
"Sausage Sizzle!","118215","0","0","0","1","0","0","0","0","0","0","0","3","","2 - 5 players","","","","135497303","5.84306","6.5401","1.0488","4388","2049","thing","Sausage Sizzle!","2","5","15","15","15","2012","2,3,4","2,3","6+","No necessary in-game text","","","","","","standalone","","","","","","","","","","","","","","",""
"Scramble!","33662","0","0","0","1","0","0","0","0","0","0","0","3","","Milkshake word scramble 2 - 6 players","","","","135500039","0","4.4","1","0","102","thing","Scramble!","1","2","1","1","1","2003","","","","","","","","","","standalone","","","","","","","","","","","","","","",""
"Scream Park","418825","8","1","0","1","0","0","0","0","0","0","0","3","","","","","","138155308","5.61992","7.05718","2.25","8558","495","thing","Scream Park","1","5","35","35","25","2024","1,2,3,4,5","3,4","12+","Some necessary text - easily memorized or small crib sheet","","","","","","standalone","","","","","","","","","","","","","","",""
"Scythe","169786","0","0","0","1","0","0","0","0","0","0","0","3","","1 - 5 players
115 minutes
B-A-1

Area control","","","","138694542","7.94133","8.09682","3.4516","26","129514","thing","Scythe","1","5","115","115","115","2016","1,2,3,4,5","4","12+","Moderate in-game text - needs crib sheet or paste ups","","","","","","standalone","","","","","","","","","","","","","","",""
"Sea Salt & Paper","367220","8","2","0","1","0","0","0","0","0","0","0","3","","2 - 4 players

visual master piece each round your trying to maximize your points to take victory.","","","","135719334","7.27219","7.50855","1.4805","253","50593","thing","Sea Salt & Paper","2","4","45","45","30","2022","2,3,4","2","8+","No necessary in-game text","","","","","","standalone","","","","","","","","","","","","","","",""
"Sea Salt & Paper: Extra Pepper","442250","0","0","0","1","0","0","0","0","0","0","0","3","","","","","","139482145","6.32601","8.03782","1.4286","0","7833","thing","Sea Salt & Paper: Extra Pepper","2","4","45","45","30","2025","2,3,4","2","8+","No necessary in-game text","","","","","","expansion","","","","","","","","","","","","","","",""
"Sea Salt & Paper: Extra Salt","396545","0","0","0","1","0","0","0","0","0","0","0","3","","","","","","139482146","6.80443","7.78436","1.4333","0","16337","thing","Sea Salt & Paper: Extra Salt","2","4","45","45","30","2023","2,3,4","2","8+","No necessary in-game text","","","","","","expansion","","","","","","","","","","","","","","",""
"Sentient","223855","0","0","0","1","0","0","0","0","0","0","0","3","","1-4 players
30-60 Min 
S-2-3","","","","146873741","6.40813","7.17492","2.2182","1572","3605","thing","Sentient","1","4","60","60","30","2017","2,3,4","3","10+","Some necessary text - easily memorized or small crib sheet","","","","","","standalone","","","","","","","","","","","","","","",""
"Shadows: Amsterdam","246297","0","0","0","1","0","0","0","0","0","0","0","3","","2-8 Players
20 Min 
C-A-1","","","","148000068","5.98877","6.56814","1.2927","3264","5109","thing","Shadows: Amsterdam","2","8","20","20","20","2018","2,4,5,6,8","6","8+","No necessary in-game text","","","","","","standalone","","","","","","","","","","","","","","",""
"Shake That City","359764","0","0","0","1","0","0","0","0","0","0","0","3","","1 - 4 players 
20 - 40 min","","","","139487045","6.02062","7.02653","1.878","3080","2899","thing","Shake That City","1","4","40","40","20","2023","1,2,3,4","3,4","10+","No necessary in-game text","","","","","","standalone","","","","","","","","","","","","","","",""
"Shaky Manor","232045","0","0","0","1","0","0","0","0","0","0","0","3","","","","","","140312995","5.68385","6.12606","1.4167","6715","2336","thing","Shaky Manor","2","4","20","20","10","2017","2,3,4","4","6+","No necessary in-game text","","","","","","standalone","","","","","","","","","","","","","","",""
"Shallow Regrets","434870","0","0","0","1","0","0","0","0","0","0","0","3","","","","","","146873775","5.71635","6.96361","1.6667","6032","2389","thing","Shallow Regrets","2","3","15","15","15","2025","1,2,3","2","8+","Moderate in-game text - needs crib sheet or paste ups","","","","","","standalone","","","","","","","","","","","","","","",""
"The Shared Dream","201861","0","0","0","1","0","0","0","0","0","0","0","3","","2 - 4 players
60 - 120 minutes
S-1-5

co op story","","","","138690720","5.602","6.75098","3.1667","9378","1092","thing","The Shared Dream","2","4","120","120","90","2017","1,2,3,4","1","14+","Extensive use of text - massive conversion needed to be playable","","","","","","standalone","","","","","","","","","","","","","","",""
"Sheepy Time","324242","0","0","0","1","0","0","0","0","0","0","0","3","","1 - 4 players 
30 - 45 minutes 
S-1-5

Competitive push your luck","","","","138689835","5.93779","6.92852","1.8056","3610","2380","thing","Sheepy Time","1","4","45","45","30","2021","2,3,4","3,4","8+","Moderate in-game text - needs crib sheet or paste ups","","","","","","standalone","","","","","","","","","","","","","","",""
"Ship Show","424272","0","0","0","1","0","0","0","0","0","0","0","3","","2 - 10 players
20 - 40 min","","","","139487021","5.51794","7.09103","2","20238","153","thing","Ship Show","2","10","40","40","20","2024","3,4,5,6,7,8,9,10","3,4,5,6","8+","","","","","","","standalone","","","","","","","","","","","","","","",""
"Shuffle and Swing","414350","0","0","0","1","0","0","0","0","0","0","0","3","","2-4 players
40-80 minutes
S-1-3","","","","136061011","5.57714","6.91014","3.0909","10841","403","thing","Shuffle and Swing","2","4","80","80","40","2024","2,3,4","4","12","Some necessary text - easily memorized or small crib sheet","","","","","","standalone","","","","","","","","","","","","","","",""
"Side Quest: Nemesis","387538","0","0","0","1","0","0","0","0","0","0","0","3","","1-4 Players
60-90 Minutes
C-C-3","","","","147962391","5.70819","6.81256","1.625","6185","1422","thing","Side Quest: Nemesis","1","4","120","120","90","2023","1,2","2","14+","Unplayable in another language","","","","","","standalone","","","","","","","","","","","","","","",""
"Side Quest: The Isle of Cats","428890","0","0","0","1","0","0","0","0","0","0","0","3","","1-4 players
60-90 Min
C-C-3","","","","140198952","5.50618","5.72973","2","24294","360","thing","Side Quest: The Isle of Cats","1","4","90","90","60","2024","1,2,3,4","1,2","12+","Extensive use of text - massive conversion needed to be playable","","","","","","standalone","","","","","","","","","","","","","","",""
"SiliconVania","368464","0","0","0","1","0","0","0","0","0","0","0","3","","","","","","137223560","5.55032","7.29328","2.25","13313","150","thing","SiliconVania","2","5","90","90","45","2023","2,3,4,5","2","","","","","","","","standalone","","","","","","","","","","","","","","",""
"Silver & Gold","270673","0","0","0","1","0","0","0","0","0","0","0","3","","","","","","140199202","6.79675","7.15637","1.2169","760","17325","thing","Silver & Gold","2","4","20","20","20","2019","2,3,4","3,4","8+","No necessary in-game text","","","","","","standalone","","","","","","","","","","","","","","",""
"Silver Coin","302926","0","0","0","1","0","0","0","0","0","0","0","3","","2-4 Players
30-60 Min
C-B-1","","","","140312982","5.79197","7.44712","1.9231","4925","1366","thing","Silver Coin","2","4","60","60","30","2020","2,3,4","4","","Moderate in-game text - needs crib sheet or paste ups","","","","","","standalone","","","","","","","","","","","","","","",""
"Silver Fang","407716","0","0","0","1","0","0","0","0","0","0","0","3","","2-4 Players
C-B-1","","","","147999737","5.55731","8.40179","0","12532","434","thing","Silver Fang","2","4","60","60","30","2025","2,3,4","2,4","","","","","","","","standalone","","","","","","","","","","","","","","",""
"Skulk Hollow","232595","0","0","0","1","0","0","0","0","0","0","0","3","","2 Players
40 minutes
C-A-3","","","","147552706","6.29227","7.15782","2.1538","1915","5031","thing","Skulk Hollow","2","2","40","40","40","2019","2","2","10+","Moderate in-game text - needs crib sheet or paste ups","","","","","","standalone","","","","","","","","","","","","","","",""
"Skulls of Sedlec: Essential Collection","440875","0","0","0","1","0","0","0","0","0","0","0","3","","","","","","136595964","5.55682","7.83967","0","0","282","thing","Skulls of Sedlec: Essential Collection","1","4","20","20","20","2025","1,2,3","2","","","","","","","","standalone","","","","","","","","","","","","","","",""
"Sky Team","373106","6","1","0","1","0","0","0","0","0","0","0","1","","2 Players
20 Min
C-A-4","","","","135521826","7.89142","8.11493","2.0449","32","68846","thing","Sky Team","2","2","20","20","20","2023","2","2","10+","Some necessary text - easily memorized or small crib sheet","","","","","","standalone","","","","","","","","","","","","","","",""
"Skyrise","298231","0","0","0","1","0","0","0","0","0","0","0","3","","2-4 players
30-90 min 
S-3-4","","","","137223584","6.82556","7.66888","2.25","731","7241","thing","Skyrise","2","4","90","90","30","2024","2,3,4","4","10+","Some necessary text - easily memorized or small crib sheet","","","","","","standalone","","","","","","","","","","","","","","",""
"Slay the Spire: The Board Game","338960","0","0","0","1","0","0","0","0","0","0","0","3","","1-4 players 
30-150 minutes
S-5-5","","","","135501796","8.04274","8.631","2.9005","14","22387","thing","Slay the Spire: The Board Game","1","4","150","150","30","2024","1,2,3,4","2","12+","Extensive use of text - massive conversion needed to be playable","","","","","","standalone","","","","","","","","","","","","","","",""
"Sleeping Gods","255984","0","0","0","1","0","0","0","0","0","0","0","4","","","","","","139293668","7.68228","8.08276","3.2622","75","36148","thing","Sleeping Gods","1","4","1200","1200","60","2021","1,2,3","1,2","12+","Unplayable in another language","","","","","","standalone","","","","","","","","","","","","","","",""
"Sleeping Gods: Dungeons","287670","0","0","0","1","0","0","0","0","0","0","0","3","","","","","","146873804","6.20893","8.21925","3","0","9572","thing","Sleeping Gods: Dungeons","1","4","840","840","60","2021","1,2,3,4","2","12+","Extensive use of text - massive conversion needed to be playable","","","","","","expansion","","","","","","","","","","","","","","",""
"So, You've Been Eaten.","284842","0","0","0","1","0","0","0","0","0","0","0","3","","1 - 2 players
30 minutes
C-B-4","","","","139482338","5.79411","6.55279","2.12","4904","3581","thing","So, You've Been Eaten.","1","2","30","30","30","2022","1,2","1,2","10+","Moderate in-game text - needs crib sheet or paste ups","","","","","","standalone","","","","","","","","","","","","","","",""
"Sobek: 2 Players","332944","8","3","0","1","0","0","0","0","0","0","0","3","","2 player
20 Min
C-B-4
Enjoyable game in where you take turns taking tiles from the market and trying to sell goods and have the have the mot points at the end of the game.","","","","136060923","6.40465","7.13148","1.973","1585","6018","thing","Sobek: 2 Players","2","2","20","20","20","2021","2","2","10+","No necessary in-game text","","","","","","standalone","","","","","","","","","","","","","","",""
"Soda Jerk","446953","0","0","0","1","0","0","0","0","0","0","0","3","","2-4 players
15 Min
C-B-3","","","","137223631","5.85022","6.85344","1.3333","4314","2001","thing","Soda Jerk","2","4","15","15","15","2025","2,3,4","3,4","6+","Some necessary text - easily memorized or small crib sheet","","","","","","standalone","","","","","","","","","","","","","","",""
"Solar Gardens","443283","0","0","0","1","0","0","0","0","0","0","0","3","","2-5 players
30-45 min
S-3-3","","","","147297733","5.5351","6.62525","2.25","15684","231","thing","Solar Gardens","2","5","45","45","30","2025","","","","","","","","","","standalone","","","","","","","","","","","","","","",""
"Solstis","411255","0","0","0","1","0","0","0","0","0","0","0","3","","1 - 2 Players
15 minutes
C-C-4","","","","136185313","6.08372","6.90437","1.2632","2754","3237","thing","Solstis","1","2","15","15","15","2024","2","2","8+","No necessary in-game text","","","","","","standalone","","","","","","","","","","","","","","",""
"Solstis: Firefly","436120","0","0","0","1","0","0","0","0","0","0","0","1","","Expansion
C-C-4","","","","139295083","5.58918","7.51325","1","0","724","thing","Solstis: Firefly","2","2","15","15","15","2025","2","2","","No necessary in-game text","","","","","","expansion","","","","","","","","","","","","","","",""
"Sorry!","313121","0","0","0","1","0","0","0","0","0","0","0","3","","2 - 4 
30 min","","","","138697284","5.39116","4.89894","1","30834","2283","thing","Sorry!","2","4","30","30","30","2016","2,3,4","3,4","5–16","","","","","","","standalone","","","","","","","","","","","","","","",""
"Sosig","411015","8.5","1","0","1","0","0","0","0","0","0","0","3","","Simple fun never felt so good
2 - 4 players","","","","141876155","5.56092","6.3428","1.5","12188","903","thing","Sosig","2","4","15","15","10","2023","2,3,4","2","8–14","Some necessary text - easily memorized or small crib sheet","","","","","","standalone","","","","","","","","","","","","","","",""
"Space Base","242302","0","0","0","1","0","0","0","0","0","0","0","3","","","","","","147094873","7.32403","7.54033","2.1314","228","32723","thing","Space Base","2","5","60","60","60","2018","2,3,4,5","3,4","10+","Some necessary text - easily memorized or small crib sheet","","","","","","standalone","","","","","","","","","","","","","","",""
"Space Explorers","235817","0","0","0","1","0","0","0","0","0","0","0","3","","1 - 4 players
20 - 40 minutes 
C-B-2
Set collection","","","","138695500","6.0912","6.94808","2.254","2716","3560","thing","Space Explorers","1","4","40","40","20","2017","2,3,4","3","10+","No necessary in-game text","","","","","","standalone","","","","","","","","","","","","","","",""
"Space Freaks","212958","0","0","0","1","0","0","0","0","0","0","0","3","","2 - 4 player
60 - 90 minutes 
S--1-3

Arena battle","","","","138693996","5.56539","6.49268","2.8333","11799","633","thing","Space Freaks","2","4","90","90","60","2017","4","4","","Moderate in-game text - needs crib sheet or paste ups","","","","","","standalone","","","","","","","","","","","","","","",""
"Space Invaders","342021","0","0","0","1","0","0","0","0","0","0","0","3","","1-4 players
30-45 min 
S-3-1","","","","142575626","5.69031","6.70971","1.8333","6567","1798","thing","Space Invaders","1","4","45","45","30","2021","1,2,3,4","2","6+","Some necessary text - easily memorized or small crib sheet","","","","","","standalone","","","","","","","","","","","","","","",""
"Space Marine Adventures: Labyrinth of the Necrons","247106","0","0","0","1","0","0","0","0","0","0","0","3","","1-4 players
30 min 
S-2-3","","","","146873823","5.71593","6.80493","1.7949","6038","1824","thing","Space Marine Adventures: Labyrinth of the Necrons","1","4","30","30","30","2018","1,2,4","1,2","8+","","","","","","","standalone","","","","","","","","","","","","","","",""
"Space Puppies","354872","0","0","0","1","0","0","0","0","0","0","0","3","","","","","","139483841","0","6.13125","1","0","30","thing","Space Puppies","2","5","40","40","20","2021","","","","","","","","","","standalone","","","","","","","","","","","","","","",""
"Spectacular","415147","0","0","0","1","0","0","0","0","0","0","0","3","","1-6 plaers
20-30 Min
S-3-3","","","","146898873","6.32617","7.27114","2.2826","1789","3777","thing","Spectacular","1","6","30","30","20","2024","1,2,3,4,5,6","2,4","10+","No necessary in-game text","","","","","","standalone","","","","","","","","","","","","","","",""
"Spectacular","415147","0","0","0","1","0","0","0","0","0","0","0","3","","","","","","146901169","6.32617","7.27114","2.2826","1789","3777","thing","Spectacular","1","6","30","30","20","2024","1,2,3,4,5,6","2,4","10+","No necessary in-game text","","","","","","standalone","","","","","","","","","","","","","","",""
"Spirits of the Wild: Awakening","447575","8.4","1","0","1","0","0","0","0","0","0","0","3","","2 player
20 Minutes
C-B-4","","","","138389042","5.91932","7.8431","1.5333","3739","1947","thing","Spirits of the Wild: Awakening","2","2","30","30","20","2025","2","2","10+","Extensive use of text - massive conversion needed to be playable","","","","","","standalone","","","","","","","","","","","","","","",""
"Splendor Duel","364073","8.5","6","0","1","0","0","0","0","0","0","0","1","","2 player
30 Minutes
C-B-4","","","","135517348","7.56385","7.87546","2.0326","111","39498","thing","Splendor Duel","2","2","30","30","30","2022","2","2","10+","No necessary in-game text","","","","","","standalone","","","","","","","","","","","","","","",""
"Splendor Duel","364073","0","6","0","1","0","0","0","0","0","0","0","3","","2 players","","","","135642464","7.56385","7.87546","2.0326","111","39498","thing","Splendor Duel","2","2","30","30","30","2022","2","2","10+","No necessary in-game text","","","","","","standalone","","","","","","","","","","","","","","",""
"Splendor Duel: The Counterfeiters","462460","0","0","0","1","0","0","0","0","0","0","0","3","","Expansion
C--B-4","","","","146873784","5.5931","8.04148","2.3333","0","1139","thing","Splendor Duel: The Counterfeiters","2","2","30","30","30","2026","2","2","10+","","","","","","","expansion","","","","","","","","","","","","","","",""
"Stack O' Cats","427942","8","2","0","1","0","0","0","0","0","0","0","3","","","","","","144081702","5.57109","7.07063","1.2","11330","503","thing","Stack O' Cats","1","6","42","42","7","2025","2,3,4,5","3,4","6+","","","","","","","standalone","","","","","","","","","","","","","","",""
"Stampfarm","366900","0","0","0","1","0","0","0","0","0","0","0","3","","2 - 5 Players
20 Minutes
C-B-2","","","","147998579","5.54071","6.70032","1","14709","303","thing","Stampfarm","2","5","20","20","20","2023","2,3,4,5","3,4","5–12","","","","","","","standalone","","","","","","","","","","","","","","",""
"Star Explorer","424995","0","0","0","1","0","0","0","0","0","0","0","3","","1 - 4 players 
30 minutes 
C-B-2
Flip and write puzzle","","","","138690055","5.80223","7.32713","1.75","4793","1061","thing","Star Explorer","1","4","30","30","30","2024","1,2,3,4","3","8+","No necessary in-game text","","","","","","standalone","","","","","","","","","","","","","","",""
"Star Wars: Battle of Hoth","444481","0","0","0","1","0","0","0","0","0","0","0","3","","2-4 players
30 Min 
S-2-1","","","","136060972","6.82847","7.9176","1.9278","727","9218","thing","Star Wars: Battle of Hoth","2","4","30","30","30","2025","2","2","8+","Moderate in-game text - needs crib sheet or paste ups","","","","","","standalone","","","","","","","","","","","","","","",""
"Star Wars: X-Wing Miniatures Game","103885","0","0","0","1","0","0","0","0","0","0","0","3","","2 players
35-45 minutes
C-A-3","","","","146865609","7.35871","7.62395","2.4948","206","41647","thing","Star Wars: X-Wing Miniatures Game","2","2","45","45","30","2012","2","2","10+","Moderate in-game text - needs crib sheet or paste ups","","","","","","standalone","","","","","","","","","","","","","","",""
"Stardew Valley: The Board Game","332290","0","0","0","1","0","0","0","0","0","0","0","3","","1 - 4 players
60 - 150 min
S-1-3","","","","139485564","6.69714","7.40744","2.7706","926","14043","thing","Stardew Valley: The Board Game","1","4","150","150","60","2021","1,2,3","2","10+","Moderate in-game text - needs crib sheet or paste ups","","","","","","standalone","","","","","","","","","","","","","","",""
"Startups","223770","8","2","0","1","0","0","0","0","0","0","0","3","","","","","","140259229","6.71672","7.17688","1.5814","891","12954","thing","Startups","3","7","20","20","20","2017","3,4,5","4","10+","No necessary in-game text","","","","","","standalone","","","","","","","","","","","","","","",""
"Stonks","364277","0","0","0","1","0","0","0","0","0","0","0","3","","2 - 5 players","","","","135497107","5.62113","6.7381","1.9231","8500","494","thing","Stonks","2","5","45","45","20","2023","2,3,4,5","4","12+","No necessary in-game text","","","","","","standalone","","","","","","","","","","","","","","",""
"Storyfold: Wildwoods","425505","0","0","0","1","0","0","0","0","0","0","0","3","","1 Player
C-C-4","","","","137223600","5.96832","7.86192","2.1667","3402","2749","thing","Storyfold: Wildwoods","1","1","60","60","30","2025","1","1","12+","Extensive use of text - massive conversion needed to be playable","","","","","","standalone","","","","","","","","","","","","","","",""
"Strange World Above the Clouds","425560","8","2","0","1","0","0","0","0","0","0","0","3","","","","","","143016683","5.91444","7.28498","1.9","3777","2016","thing","Strange World Above the Clouds","1","4","20","20","10","2024","1,2,3,4","3","8","No necessary in-game text","","","","","","standalone","","","","","","","","","","","","","","",""
"Stuffed Fables","233312","0","0","0","1","0","0","0","0","0","0","0","3","","2 - 4 players 
 60-  90 minutes 
S-1-5

Adventure","","","","138691662","6.90679","7.39734","2.4593","616","23039","thing","Stuffed Fables","2","4","90","90","60","2018","1,2,3,4","4","8+","Extensive use of text - massive conversion needed to be playable","","","","","","standalone","","","","","","","","","","","","","","",""
"Stuglandet","406744","0","0","0","1","0","0","0","0","0","0","0","3","","2-4 players
20 Minutes","","","","147962519","5.53639","7.048","1.6667","15447","170","thing","Stuglandet","2","4","30","30","15","2023","","","","","","","","","","standalone","","","","","","","","","","","","","","",""
"The Stygian Society","204470","0","0","0","1","0","0","0","0","0","0","0","3","","1 - 4 players","","","","135500464","5.67021","7.08247","2.5714","7031","805","thing","The Stygian Society","1","4","120","120","60","2020","2,3,4","3","8+","Extensive use of text - massive conversion needed to be playable","","","","","","standalone","","","","","","","","","","","","","","",""
"The Stygian Society: The Cursed Library","265734","0","0","0","1","0","0","0","0","0","0","0","3","","Expansion ","","","","135500476","0","5.92143","0","0","363","thing","The Stygian Society: The Cursed Library","1","4","120","120","60","2020","","","","","","","","","","expansion","","","","","","","","","","","","","","",""
"Sub Terra II: Arima's Light","290827","0","0","0","1","0","0","0","0","0","0","0","3","","Expansion 
S-3-1","","","","146898806","5.57689","7.72723","2.6667","0","949","thing","Sub Terra II: Arima's Light","1","6","60","60","60","2023","1,2,3","1,2","","Some necessary text - easily memorized or small crib sheet","","","","","","expansion","","","","","","","","","","","","","","",""
"Sub Terra II: Typhaon Wakes","290828","0","0","0","1","0","0","0","0","0","0","0","3","","Expansion 
S-3-1","","","","146898800","5.55327","7.41962","2.3333","0","925","thing","Sub Terra II: Typhaon Wakes","1","7","60","60","60","2023","2,3,5,6","2,3","10+","","","","","","","expansion","","","","","","","","","","","","","","",""
"Suburbia: Collector's Edition","267367","9","2","0","1","0","0","0","0","0","0","0","3","","1-5 Players
90 Min 
B-A-4

Amazing town building game","","","","146488633","6.95828","7.9713","2.7808","0","8413","thing","Suburbia: Collector's Edition","1","5","90","90","90","2019","1,2,3,4","3","10+","Some necessary text - easily memorized or small crib sheet","","","","","","standalone","","","","","","","","","","","","","","",""
"Subway Squeeze","365308","0","0","0","1","0","0","0","0","0","0","0","3","","2-4 players
30 min 
S-3-5","","","","142316045","5.54441","6.89773","1.75","14126","261","thing","Subway Squeeze","2","4","30","30","30","2022","2,3,4","2","6+","No necessary in-game text","","","","","","standalone","","","","","","","","","","","","","","",""
"Sudds & Malone","395315","0","0","0","1","0","0","0","0","0","0","0","1","","2-4 players
60-90 minutes
S-5-4","","","","143037076","5.60738","7.87803","2.5","9124","367","thing","Sudds & Malone","2","4","90","90","60","2026","2,3,4","3","10+","No necessary in-game text","","","","","","standalone","","","","","","","","","","","","","","",""
"Super Kawaii Pets","346951","0","0","0","1","0","0","0","0","0","0","0","3","","1 - 4 players
20 minutes","","","","139483128","5.67282","6.68312","1.2857","6965","1197","thing","Super Kawaii Pets","1","4","20","20","10","2022","1,2,3,4","3,4","6+","No necessary in-game text","","","","","","standalone","","","","","","","","","","","","","","",""
"Survive: Escape from Atlantis!","2653","0","0","0","1","0","0","0","0","0","0","0","3","","2 - 4 players
45 - 60 min
S-1-3","","","","139485657","7.10828","7.30621","1.693","385","41845","thing","Survive: Escape from Atlantis!","2","4","60","60","45","1982","3,4","4","8+","No necessary in-game text","","","","","","standalone","","","","","","","","","","","","","","",""
"Sushi Go!","133473","0","0","0","1","0","0","0","0","0","0","0","3","","2 - 5 players","","","","135496915","6.86731","6.97989","1.1634","664","99185","thing","Sushi Go!","2","5","15","15","15","2013","3,4,5","4","6+","No necessary in-game text","","","","","","standalone","","","","","","","","","","","","","","",""
"Switchbacks","363614","7.7","2","0","1","0","0","0","0","0","0","0","3","","2-4 players
30 Min 
C-B-3

Calm and relaxing game where you and up to 3 friends explore different elevations of the switchbacks.","","","","136061026","5.68045","6.44312","1.1429","6790","1667","thing","Switchbacks","2","4","15","15","15","2022","2,3,4","4","6+","No necessary in-game text","","","","","","standalone","","","","","","","","","","","","","","",""
"T.I.M.E Stories","146508","0","0","0","1","0","0","0","0","0","0","0","3","","2-4 players
90 min 
S-2-1","","","","146488334","7.13541","7.33964","2.5855","362","43673","thing","T.I.M.E Stories","2","4","90","90","90","2015","2,3,4","4","14+","Unplayable in another language","","","","","","standalone","","","","","","","","","","","","","","",""
"Tag Team","434906","0","0","0","1","0","0","0","0","0","0","0","3","","2 players
15 min
C-A-4","","","","139487148","6.81073","7.61389","2.0729","748","9183","thing","Tag Team","2","2","15","15","15","2025","2","2","10+","Moderate in-game text - needs crib sheet or paste ups","","","","","","standalone","","","","","","","","","","","","","","",""
"Takenoko","70919","8","1","0","1","0","0","0","0","0","0","0","3","","2 - 4 players
45 Min 
S-1-1

Great game poor QC on the bamboo pieces","","","","136625649","7.05574","7.19606","1.9737","443","78252","thing","Takenoko","2","4","45","45","45","2011","2,3,4","3","8+","No necessary in-game text","","","","","","standalone","","","","","","","","","","","","","","",""
"Tapestry","286096","0","0","0","1","0","0","0","0","0","0","0","3","","1-5 players
90-120 Min 
S-2-1","","","","146488022","7.20511","7.43583","2.974","299","31199","thing","Tapestry","1","5","120","120","90","2019","1,2,3,4","3","12+","Moderate in-game text - needs crib sheet or paste ups","","","","","","standalone","","","","","","","","","","","","","","",""
"Tea Garden","422042","8","1","0","1","0","0","0","0","0","0","0","3","","2 - 4 players
90 -120 minutes 
S-3-2
Euro style","","","","138695094","6.38104","7.56043","3.0792","1646","3816","thing","Tea Garden","2","4","120","120","90","2024","2,3,4","3","12+","No necessary in-game text","","","","","","standalone","","","","","","","","","","","","","","",""
"Tea Witches","426912","8.9","1","0","1","0","0","0","0","0","0","0","3","","2 - 4 player
60-120 Min 
S-1-1","","","","136660417","5.95163","7.58694","3.1304","3509","2396","thing","Tea Witches","2","4","120","120","60","2025","2,3","3","12+","Some necessary text - easily memorized or small crib sheet","","","","","","standalone","","","","","","","","","","","","","","",""
"Tearable Quest","444551","0","1","0","1","0","0","0","0","0","0","0","3","","","","","","140199476","5.5574","6.28787","1","12517","513","thing","Tearable Quest","1","50","10","10","10","2025","","","","","","","","","","standalone","","","","","","","","","","","","","","",""
"Teddies vs Monsters","375695","0","0","0","1","0","0","0","0","0","0","0","3","","","","","","143448506","5.51703","8.26889","1","20557","119","thing","Teddies vs Monsters","2","4","5","5","5","0","2,4","2","6+","","","","","","","standalone","","","","","","","","","","","","","","",""
"Telestrations","46213","0","3","0","1","0","0","0","0","0","0","0","3","","4-6 players
30 minutes
C-B-5","","","","140259057","7.1453","7.37688","1.0693","352","32732","thing","Telestrations","4","8","30","30","30","2009","5,6,7,8","8","8+","Extensive use of text - massive conversion needed to be playable","","","","","","standalone","","","","","","","","","","","","","","",""
"Telestrations: 6 Player Family Pack","216798","0","0","0","1","0","0","0","0","0","0","0","3","","2 - 6 players","","","","135500387","5.87163","7.33144","1","4142","2013","thing","Telestrations: 6 Player Family Pack","4","6","20","20","15","2014","4,5,6","6","8+","Extensive use of text - massive conversion needed to be playable","","","","","","standalone","","","","","","","","","","","","","","",""
"Telestrations: After Dark","173761","0","0","0","1","0","0","0","0","0","0","0","3","","4 - 8 players
20-30 minutes
C-B-5","","","","135500373","6.21482","7.12537","1","2199","6434","thing","Telestrations: After Dark","4","8","30","30","20","2015","4,5,6,7,8","7,8","16+","Extensive use of text - massive conversion needed to be playable","","","","","","standalone","","","","","","","","","","","","","","",""
"Tembo Tiles","467935","7.5","1","0","1","0","0","0","0","0","0","0","3","","Best with 3 or more players","","","","146873713","0","5.7625","0","0","16","thing","Tembo Tiles","2","6","8","8","4","2026","3,4","4","","","","","","","","standalone","","","","","","","","","","","","","","",""
"Tend","427388","0","0","0","1","0","0","0","0","0","0","0","3","","1 - 6 players
60 - 90 minutes 
C-A-2
Draw and write","","","","138696242","6.38224","7.84399","2.9535","1643","3707","thing","Tend","1","6","90","90","60","2025","1,2,3,4,5","1,3","10+","Some necessary text - easily memorized or small crib sheet","","","","","","standalone","","","","","","","","","","","","","","",""
"Terraforming Mars","167791","9","2","0","1","0","0","0","0","0","0","0","3","","1 - 5 players
120 Minutes
S-1-4","","","","135498613","8.18101","8.33253","3.2728","9","161233","thing","Terraforming Mars","1","5","120","120","120","2016","1,2,3,4","3","12+","Extensive use of text - massive conversion needed to be playable","","","","","","standalone","","","","","","","","","","","","","","",""
"Terraforming Mars: Ares Expedition – Crisis","358738","0","0","0","1","0","0","0","0","0","0","0","3","","","","","","146873812","6.04452","7.8702","2.625","0","4526","thing","Terraforming Mars: Ares Expedition – Crisis","1","4","60","60","60","2023","1,2,3,4","1","10+","Extensive use of text - massive conversion needed to be playable","","","","","","expansion","","","","","","","","","","","","","","",""
"Terror in Meeple City","97903","0","0","0","1","0","0","0","0","0","0","0","3","","2 - 4 players
30 Min 
B-A-1","","","","135500075","6.49125","6.82201","1.4753","1360","12026","thing","Terror in Meeple City","2","4","30","30","30","2013","2,3,4","4","6+","No necessary in-game text","","","","","","standalone","","","","","","","","","","","","","","",""
"Tesseract","367385","0","0","0","1","0","0","0","0","0","0","0","3","","1-4 Players
60 min 
S-1-2","","","","137224319","6.09808","7.38337","2.6071","2677","2981","thing","Tesseract","1","4","60","60","60","2023","1,2,3,4","2","8+","Moderate in-game text - needs crib sheet or paste ups","","","","","","standalone","","","","","","","","","","","","","","",""
"Tetris: The Board Game","450941","0","0","0","1","0","0","0","0","0","0","0","3","","2 - 4 players
20 - 30 minutes","","","","139484337","0","6.01923","1","0","102","thing","Tetris: The Board Game","2","4","30","30","20","2025","2,3,4","4","8+","","","","","","","standalone","","","","","","","","","","","","","","",""
"That Time You Killed Me","344258","0","0","0","1","0","0","0","0","0","0","0","3","","2 players
15 - 30 min","","","","139486886","6.44543","7.3343","2.3333","1465","5505","thing","That Time You Killed Me","2","2","30","30","15","2021","2","2","10+","No necessary in-game text","","","","","","standalone","","","","","","","","","","","","","","",""
"That's Mine!","451065","0","0","0","1","0","0","0","0","0","0","0","3","","","","","","146488736","0","5.97778","1","0","52","thing","That's Mine!","2","5","10","10","10","2025","3,4","4","","","","","","","","standalone","","","","","","","","","","","","","","",""
"Thief's Market","428589","0","0","0","1","0","0","0","0","0","0","0","3","","3 - 5 players
30 - 60 minutes
C-B-5","","","","147554844","5.59144","7.43846","2","9939","442","thing","Thief's Market","3","5","60","60","30","2025","3,4,5","4","","No necessary in-game text","","","","","","standalone","","","","","","","","","","","","","","",""
"Things in Rings","408547","7.5","0","0","1","0","0","0","0","0","0","0","3","","2 - 6 player
20 min
C-B-3

More enjoyable with larger player count","","","","137352556","6.45896","7.07311","1.3548","1432","7809","thing","Things in Rings","2","6","20","20","20","2024","2,3,4,5,6","4","8+","Some necessary text - easily memorized or small crib sheet","","","","","","standalone","","","","","","","","","","","","","","",""
"This War of Mine: Days of the Siege","288901","0","0","0","1","0","0","0","0","0","0","0","3","","expansion
S-3-1","","","","139486785","5.9391","8.4758","3.4","0","3595","thing","This War of Mine: Days of the Siege","1","6","120","120","45","2020","1,2,3","1","16+","Unplayable in another language","","","","","","expansion","","","","","","","","","","","","","","",""
"Three Cheers for Master","175961","0","0","0","1","0","0","0","0","0","0","0","3","","2 - 6 players
20-40 Min 
C-B-1","","","","135496955","5.6521","6.20527","1.76","7490","2161","thing","Three Cheers for Master","2","6","40","40","20","2015","2,3,4,5,6","4","10+","No necessary in-game text","","","","","","standalone","","","","","","","","","","","","","","",""
"Three Sisters: Harvest Edition","436127","7.8","1","0","1","0","0","0","0","0","0","0","3","","1-4 Players
30-60 Min 
C-A-1","","","","146488660","5.62461","8.31917","2.6667","0","755","thing","Three Sisters: Harvest Edition","1","4","60","60","30","2026","1,2,3,4","2","","","","","","","","standalone","","","","","","","","","","","","","","",""
"Through the Desert: Bazaar","399973","0","0","0","1","0","0","0","0","0","0","0","3","","2 - 5 players
45 minutes
C-B-3","","","","139483964","5.59915","7.34037","2.2857","0","1735","thing","Through the Desert: Bazaar","2","5","45","45","45","2024","2,3,4,5","3","8+","Some necessary text - easily memorized or small crib sheet","","","","","","expansion","","","","","","","","","","","","","","",""
"Throw Throw Avocado","340420","0","0","0","1","0","0","0","0","0","0","0","3","","2 - 6 players","","","","135499789","5.62992","6.29004","1","8171","3144","thing","Throw Throw Avocado","2","6","15","15","15","2021","3,4,5,6","5,6","4+","No necessary in-game text","","","","","","standalone","","","","","","","","","","","","","","",""
"Throwing Paws","470179","0","0","0","1","0","0","0","0","0","0","0","3","","3-8 players
15 minutes
C-B-4","","","","147995298","0","6.1","0","0","22","thing","Throwing Paws","3","8","15","15","15","2026","","","","Some necessary text - easily memorized or small crib sheet","","","","","","standalone","","","","","","","","","","","","","","",""
"Tic Tac K.O.: Dragons vs Unicorns","346296","0","0","0","1","0","0","0","0","0","0","0","3","","2-4 Players
30-60Min 
C-B-1","","","","140312598","5.598","6.44916","1.1333","9578","1676","thing","Tic Tac K.O.: Dragons vs Unicorns","2","4","60","60","30","2021","2,4","2","8+","Moderate in-game text - needs crib sheet or paste ups","","","","","","standalone","","","","","","","","","","","","","","",""
"Ticket to Ride: Europa 1912","53383","0","0","0","1","0","0","0","0","0","0","0","3","","","","","","146898816","7.00011","7.63348","1.9291","0","21260","thing","Ticket to Ride: Europa 1912","2","5","60","60","30","2009","2,3,4,5","4","8+","No necessary in-game text","","","","","","expansion","","","","","","","","","","","","","","",""
"Ticket to Ride: Europe","14996","0","0","0","1","0","0","0","0","0","0","0","3","","2-5 players
30-60 min 
S-3-2","","","","146488473","7.39357","7.52289","1.9148","179","139471","thing","Ticket to Ride: Europe","2","5","60","60","30","2005","2,3,4,5","4","8+","No necessary in-game text","","","","","","standalone","","","","","","","","","","","","","","",""
"Ticket to Ride: New York","253284","8","1","0","1","0","0","0","0","0","0","0","3","","2 - 4 Players
10 - 15 Minutes
C-B-2

Good game plays quick perfect intro into the ticket to ride universe","","","","140312923","6.52465","6.87995","1.2721","1276","18241","thing","Ticket to Ride: New York","2","4","15","15","10","2018","2,3,4","3","6+","No necessary in-game text","","","","","","standalone","","","","","","","","","","","","","","",""
"Tidal Blades: Banner Festival","364994","0","0","0","1","0","0","0","0","0","0","0","3","","2-5 players
30-45 min 
S-3-3

Second game in the series","","","","147552680","5.87856","6.95277","1.9091","4072","2203","thing","Tidal Blades: Banner Festival","2","5","45","45","30","2022","2,3,4,5","4","6+","Moderate in-game text - needs crib sheet or paste ups","","","","","","standalone","","","","","","","","","","","","","","",""
"Tidal Blades: Heroes of the Reef","233262","8.5","1","0","1","0","0","0","0","0","0","0","3","","","","","","147550860","6.58224","7.42487","2.9451","1141","7311","thing","Tidal Blades: Heroes of the Reef","1","4","90","90","60","2020","1,2,3,4","3","12+","Moderate in-game text - needs crib sheet or paste ups","","","","","","standalone","","","","","","","","","","","","Druid City Games; Skybound Tabletop","English","2020","English deluxe edition"
"Timber Town","436561","9","1","0","1","0","0","0","0","0","0","0","3","","2 players 
30 - 45 min
C-B-4","","","","139487127","5.83484","7.35576","1.8","4459","1584","thing","Timber Town","2","2","45","45","30","2025","2","2","8+","Some necessary text - easily memorized or small crib sheet","","","","","","standalone","","","","","","","","","","","","","","",""
"Time to Panic","445424","0","0","0","1","0","0","0","0","0","0","0","3","","1 - 4 players
40 minutes
C-B-1

Card co op","","","","138695992","5.6143","7.13216","1.5","8783","748","thing","Time to Panic","1","4","40","40","40","2025","2,3,4","4","","Some necessary text - easily memorized or small crib sheet","","","","","","standalone","","","","","","","","","","","","","","",""
"Tiny Epic Dinosaurs: Deluxe Edition","315953","0","0","0","1","0","0","0","0","0","0","0","3","","2 - 4 players 
C-B-1","","","","135495965","5.93176","7.36226","2.3846","0","3019","thing","Tiny Epic Dinosaurs: Deluxe Edition","1","4","60","60","30","2020","1,2,3,4","3","10+","Moderate in-game text - needs crib sheet or paste ups","","","","","","standalone","","","","","","","","","","","","","","",""
"Tiny Epic Galaxies BLAST OFF!","317105","0","0","0","1","0","0","0","0","0","0","0","3","","2 - 4 players
C-B-1","","","","135495992","5.97868","7.26538","1.8333","3326","3054","thing","Tiny Epic Galaxies BLAST OFF!","2","4","45","45","30","2020","2,3,4","3","8+","No necessary in-game text","","","","","","standalone","","","","","","","","","","","","","","",""
"Tiny Epic Pirates: Curse of Amdiak","310095","0","0","0","1","0","0","0","0","0","0","0","3","","Expansion
C-B-1","","","","135495978","5.71975","7.14578","2.875","0","5641","thing","Tiny Epic Pirates: Curse of Amdiak","1","4","60","60","30","2021","1,2,3,4","3","12+","No necessary in-game text","","","","","","expansion","","","","","","","","","","","","","","",""
"Tiny Epic Pirates: Deluxe Edition","310203","0","0","0","1","0","0","0","0","0","0","0","3","","2 - 4 players
C-B-1","","","","135495986","5.86759","7.12182","2.8","0","4013","thing","Tiny Epic Pirates: Deluxe Edition","1","4","60","60","30","2021","2,3,4","3","12+","","","","","","","standalone","","","","","","","","","","","","","","",""
"Tiny Epic Western","180852","0","0","0","1","0","0","0","0","0","0","0","3","","1-4 Playres
30-45 Min 
C-B-1","","","","147999713","6.19503","6.62411","2.8678","2265","12945","thing","Tiny Epic Western","1","4","45","45","30","2016","1,3,4","4","14+","Moderate in-game text - needs crib sheet or paste ups","","","","","","standalone","","","","","","","","","","","","","","",""
"Tiny Epic Zombies: Deluxe Edition","266219","0","0","0","1","0","0","0","0","0","0","0","3","","2 - 4 players
C-B-1","","","","135496000","6.04596","7.14951","2.2","0","4883","thing","Tiny Epic Zombies: Deluxe Edition","1","5","30","30","30","2018","1,2,3,4,5","3","14+","Some necessary text - easily memorized or small crib sheet","","","","","","standalone","","","","","","","","","","","","","","",""
"Titan Race","175495","0","0","0","1","0","0","0","0","0","0","0","3","","2 - 6 players 
30 min
C-B-2","","","","139485211","5.65502","6.06802","1.5238","7402","1985","thing","Titan Race","2","6","30","30","30","2015","3,4,5,6","6","8+","Some necessary text - easily memorized or small crib sheet","","","","","","standalone","","","","","","","","","","","","","","",""
"Too Many Bones: Undertow","235802","0","0","0","1","0","0","0","0","0","0","0","3","","1-2 Players (1-4 with base game) 
60-90 Minutes
Standalone Expansion","","","","147962559","7.41525","8.65143","4.0282","166","11209","thing","Too Many Bones: Undertow","1","2","180","180","60","2018","1,2","2","12+","Extensive use of text - massive conversion needed to be playable","","","","","","standalone","","","","","","","","","","","","","","",""
"Torchlit","433205","0","0","0","1","0","0","0","0","0","0","0","3","","2-5 Players
40 Minutes
C-B-3","","","","147925003","5.86161","7.29968","2.1667","4212","1554","thing","Torchlit","2","5","45","45","30","2024","3,4,5","4","","No necessary in-game text","","","","","","standalone","","","","","","","","","","","","","","",""
"Tower Stack","426547","0","0","0","1","0","0","0","0","0","0","0","3","","1 - 4 players","","","","135500414","5.51397","6.0697","1","21604","289","thing","Tower Stack","2","2","0","0","0","2025","1,2","2","5+","","","","","","","standalone","","","","","","","","","","","","","","",""
"Townsfolk Tussle","312859","0","0","0","1","0","0","0","0","0","0","0","3","","2 - 5 players","","","","135500675","6.44757","7.68094","2.5902","1459","4876","thing","Townsfolk Tussle","1","5","200","200","40","2022","2,3,4,5","3","14+","Extensive use of text - massive conversion needed to be playable","","","","","","standalone","","","","","","","","","","","","","","",""
"Townsfolk Tussle: Foul Neighbors","379962","0","0","0","1","0","0","0","0","0","0","0","3","","Expansion ","","","","135500629","5.66058","8.70954","3","0","1753","thing","Townsfolk Tussle: Foul Neighbors","2","5","200","200","40","2024","3,4","3,4","","","","","","","","expansion","","","","","","","","","","","","","","",""
"Townsfolk Tussle: Odd Jobs","379963","0","0","0","1","0","0","0","0","0","0","0","3","","Expansion ","","","","135500639","5.61634","8.56061","3","0","1694","thing","Townsfolk Tussle: Odd Jobs","2","5","200","200","40","2024","2,3,4","2,3,4","","","","","","","","expansion","","","","","","","","","","","","","","",""
"Toy Battle","434654","8.5","1","0","1","0","0","0","0","0","0","0","3","","2 players
15 minutes
C-A-4","","","","139482275","7.1962","7.82861","1.4793","309","12689","thing","Toy Battle","2","2","15","15","15","2025","2","2","8+","No necessary in-game text","","","","","","standalone","","","","","","","","","","","","","","",""
"Trailblazers","352454","0","0","0","1","0","0","0","0","0","0","0","3","","1 - 8 players
30 min
Tile laying","","","","138697468","6.24725","6.98173","1.8","2054","4162","thing","Trailblazers","1","8","30","30","30","2023","1,2,3,4,5,6,7,8","1,2,3","8+","Some necessary text - easily memorized or small crib sheet","","","","","","standalone","","","","","","","","","","","","","","",""
"Transgalactica","429860","0","0","0","1","0","0","0","0","0","0","0","3","","2-5 Players
100 min 
S-3-2","","","","142315687","5.65417","6.34785","3.6667","7425","1227","thing","Transgalactica","2","5","100","100","100","2025","2,3,4","4","14+","No necessary in-game text","","","","","","standalone","","","","","","","","","","","","","","",""
"Trash Pandas","216439","0","0","0","1","0","0","0","0","0","0","0","3","","2 - 4 players","","","","135497327","6.03422","6.49923","1.431","3017","10730","thing","Trash Pandas","2","4","20","20","15","2017","2,3,4","3,4","6+","Some necessary text - easily memorized or small crib sheet","","","","","","standalone","","","","","","","","","","","","","","",""
"Trash to Table","451687","0","0","0","1","0","0","0","0","0","0","0","3","","2 - 6 players","","","","135496801","0","6.35185","1","0","102","thing","Trash to Table","2","6","20","20","20","2025","","","","","","","","","","standalone","","","","","","","","","","","","","","",""
"Trekking the National Parks: Second Edition","255708","0","0","0","1","0","0","0","0","0","0","0","3","","2 - 5 players
30-60 Min
S-1-1","","","","135498777","6.02986","6.95095","1.7895","3045","4473","thing","Trekking the National Parks: Second Edition","2","5","60","60","30","2018","2,3,4,5","3,4","8+","Some necessary text - easily memorized or small crib sheet","","","","","","standalone","","","","","","","","","","","","","","",""
"Trekking Through History","353288","0","0","0","1","0","0","0","0","0","0","0","3","","1-4 players
30-60. min 
S-3-5","","","","142834953","6.96252","7.49979","1.7653","547","13480","thing","Trekking Through History","1","4","60","60","30","2022","1,2,3,4","3","8+","No necessary in-game text","","","","","","standalone","","","","","","","","","","","","","","",""
"Trial by Trolley","282171","0","0","0","1","0","0","0","0","0","0","0","3","","3 - 13 players
30 - 90 minutes
C-B-5","","","","135496997","5.76769","5.99515","1.0235","5224","12054","thing","Trial by Trolley","3","13","90","90","30","2020","3,4,5,6,7,8,9,10","5,7","16+","Unplayable in another language","","","","","","standalone","","","","","","","","","","","","","","",""
"Tribes of the Wind","362986","0","0","0","1","0","0","0","0","0","0","0","3","","2 - 5 players
40-90 min
S-3-3","","","","135499844","6.55133","7.30596","2.6567","1207","7048","thing","Tribes of the Wind","2","5","90","90","40","2022","2,3,4","3","10+","No necessary in-game text","","","","","","standalone","","","","","","","","","","","","","","",""
"Trinket Trove","436931","8","1","0","1","0","0","0","0","0","0","0","3","","Best with 3 or more but still enjoyable at 2 players, it’s a cute set collection game.","","","","143448352","5.99201","7.48828","1.4348","3248","1945","thing","Trinket Trove","2","6","30","30","30","2025","3,4,5,6","4","","No necessary in-game text","","","","","","standalone","","","","","","","","","","","","","","",""
"TRND","433075","0","0","0","1","0","0","0","0","0","0","0","3","","","","","","142291618","5.57825","6.35082","1","10767","622","thing","TRND","3","5","30","30","30","2024","2,3,4,5","5","6+","","","","","","","standalone","","","","","","","","","","","","","","",""
"Tsuro","16992","0","0","0","1","0","0","0","0","0","0","0","3","","","","","","147297799","6.5328","6.66823","1.2172","1255","47514","thing","Tsuro","2","8","20","20","15","2025","2,3,4,5,6,7,8","4,6","6+","No necessary in-game text","","","","","","standalone","","","","","","","","","","","","Calliope Games","Dutch; English; French; German; Italian; Portuguese; Spanish","2025","Multilingual 20th anniversary edition"
"Tuned","354201","0","0","0","1","0","0","0","0","0","0","0","3","","2 Player
20 minutes
C-A-4","","","","136060933","5.58544","6.3095","1.125","10305","751","thing","Tuned","2","2","20","20","20","2023","2","2","8+","No necessary in-game text","","","","","","standalone","","","","","","","","","","","","","","",""
"Tussie Mussie: Complete Collection","423586","0","0","0","1","0","0","0","0","0","0","0","3","","1 - 4 players
20 -30 minutes","","","","139484131","5.60668","7.38971","1.2","0","729","thing","Tussie Mussie: Complete Collection","1","4","30","30","20","2024","1,2,3,4","2","","","","","","","","standalone","","","","","","","","","","","","","","",""
"Twinkle Twinkle","408280","8.4","1","0","1","0","0","0","0","0","0","0","3","","1 - 4 player
30 Min 
C-B-3","","","","138198017","5.9656","7.13953","1.8182","3418","2225","thing","Twinkle Twinkle","1","4","30","30","20","2025","1,2,3,4","2,3","10+","Moderate in-game text - needs crib sheet or paste ups","","","","","","standalone","","","","","","","","","","","","","","",""
"Twinkle Twinkle: Extraterrestrials Mini-expansion","438420","0","0","0","1","0","0","0","0","0","0","0","3","","Expansion
C-B-3","","","","138697092","5.53472","7.67179","2","0","889","thing","Twinkle Twinkle: Extraterrestrials Mini-expansion","1","4","20","20","10","2025","1,2,3,4","2,4","10","","","","","","","expansion","","","","","","","","","","","","","","",""
"Twinkle Twinkle: How I Wonder Expansion","438392","0","0","0","1","0","0","0","0","0","0","0","3","","Expansion
C-B-3","","","","138691468","5.55596","7.76968","2","0","1060","thing","Twinkle Twinkle: How I Wonder Expansion","1","4","30","30","15","2025","1,2,3,4","2,4","10","","","","","","","expansion","","","","","","","","","","","","","","",""
"Twisted Cryptids","429840","0","0","0","1","0","0","0","0","0","0","0","3","","","","","","135946209","5.63771","6.66126","1.9375","7919","2189","thing","Twisted Cryptids","2","4","60","60","0","2025","2,3,4","3,4","10+","","","","","","","standalone","","","","","","","","","","","","","","",""
"Twisted Cryptids: Cryptid Culture","429843","0","0","0","1","0","0","0","0","0","0","0","3","","","","","","135946220","5.53279","6.89706","0","0","1270","thing","Twisted Cryptids: Cryptid Culture","2","6","60","60","0","2025","","","","","","","","","","expansion","","","","","","","","","","","","","","",""
"Twisted Cryptids: Ness Is More","429841","0","0","0","1","0","0","0","0","0","0","0","3","","","","","","135946236","5.52581","7.00455","0","0","682","thing","Twisted Cryptids: Ness Is More","2","6","60","60","0","2025","3,4","3","","","","","","","","expansion","","","","","","","","","","","","","","",""
"Twisted Trumpets","388520","0","0","0","1","0","0","0","0","0","0","0","3","","2-4 players
20-40 Min 
S-2-3","","","","140312514","5.55746","7.59765","2.0833","12505","126","thing","Twisted Trumpets","2","4","40","40","20","2025","1,2,3,4","3","10+","","","","","","","standalone","","","","","","","","","","","","","","",""
"Ultimate Railroads","329591","0","0","0","1","0","0","0","0","0","0","0","3","","1-4 players 
90-120 min
S-5-3","","","","142291546","7.22644","8.35687","3.2555","0","7715","thing","Ultimate Railroads","1","4","120","120","90","2021","1,2,3,4","2","12+","No necessary in-game text","","","","","","standalone","","","","","","","","","","","","","","",""
"Ultimate Treehouse","387197","0","0","0","1","0","0","0","0","0","0","0","3","","2 - 4 players","","","","135498468","5.51505","6.60012","2","21225","225","thing","Ultimate Treehouse","2","4","60","60","45","2023","2,3,4","4","8+","","","","","","","standalone","","","","","","","","","","","","","","",""
"Unboxed","386270","0","0","0","1","0","0","0","0","0","0","0","3","","1-4 Players
30 Min
C-C-3","","","","136060955","5.56267","6.4746","2","12028","288","thing","Unboxed","1","4","60","60","30","2023","2,3","2","12+","Extensive use of text - massive conversion needed to be playable","","","","","","standalone","","","","","","","","","","","","","","",""
"Unboxed","386270","0","0","0","1","0","0","0","0","0","0","0","3","","","","","","136402002","5.56267","6.4746","2","12028","288","thing","Unboxed","1","4","60","60","30","2023","2,3","2","12+","Extensive use of text - massive conversion needed to be playable","","","","","","standalone","","","","","","","","","","","","","","",""
"Under Falling Skies","306735","0","0","0","1","0","0","0","0","0","0","0","3","","1 player
20 - 40 min
C-C-4","","","","139484978","7.2494","7.59125","2.3898","264","30793","thing","Under Falling Skies","1","1","40","40","20","2020","1","1","10+","Moderate in-game text - needs crib sheet or paste ups","","","","","","standalone","","","","","","","","","","","","","","",""
"Unlock!: Epic Adventures","294612","0","0","0","1","0","0","0","0","0","0","0","3","","","","","","140199135","6.67476","7.65068","2.12","962","6777","thing","Unlock!: Epic Adventures","1","6","60","60","60","2019","1,2,3,4","2","10+","Unplayable in another language","","","","","","standalone","","","","","","","","","","","","","","",""
"Unlock!: Escape Adventures","213460","0","0","0","1","0","0","0","0","0","0","0","3","","","","","","140199170","6.84282","7.3249","2.1215","703","11903","thing","Unlock!: Escape Adventures","2","6","75","75","45","2017","1,2,3,4","2","12+","Extensive use of text - massive conversion needed to be playable","","","","","","standalone","","","","","","","","","","","","","","",""
"Unlock!: Heroic Adventures","266121","0","1","0","1","0","0","0","0","0","0","0","3","","","","","","139210785","6.82435","7.5688","2.2549","732","8966","thing","Unlock!: Heroic Adventures","1","6","60","60","60","2018","1,2,3,4","2","12+","Extensive use of text - massive conversion needed to be playable","","","","","","standalone","","","","","","","","","","","","","","",""
"Unlock!: Legendary Adventures","330084","0","0","0","1","0","0","0","0","0","0","0","3","","","","","","140199148","6.23244","7.47297","2.2353","2125","3704","thing","Unlock!: Legendary Adventures","1","6","60","60","60","2021","1,2,3,4","2","12+","Unplayable in another language","","","","","","standalone","","","","","","","","","","","","","","",""
"Unlock!: Mystery Adventures","228867","0","0","0","1","0","0","0","0","0","0","0","3","","","","","","140199161","6.63705","7.30444","2.102","1039","8613","thing","Unlock!: Mystery Adventures","1","6","75","75","45","2017","1,2,3,4","2","12+","Unplayable in another language","","","","","","standalone","","","","","","","","","","","","","","",""
"Unlock!: Mythic Adventures","302425","0","0","0","1","0","0","0","0","0","0","0","3","","","","","","140199124","6.4909","7.63798","2.1739","1362","5317","thing","Unlock!: Mythic Adventures","1","6","60","60","60","2020","1,2,3,4","2","10+","Unplayable in another language","","","","","","standalone","","","","","","","","","","","","","","",""
"Unmatched: Teen Spirit","326936","0","0","0","1","0","0","0","0","0","0","0","3","","2 - 3 players
20-40 Min
S-1-3","","","","135498544","6.02889","7.7853","2.125","3052","4123","thing","Unmatched: Teen Spirit","2","3","40","40","20","2023","2,3","2","10+","Moderate in-game text - needs crib sheet or paste ups","","","","","","standalone","","","","","","","","","","","","","","",""
"UNO","2223","0","0","0","1","0","0","0","0","0","0","0","3","","2 - 10 players
30 minutes","","","","139484105","5.35283","5.48244","1.0996","30906","74843","thing","UNO","2","10","30","30","30","1971","3,4,5,6,7,8","4,5,6","5+","No necessary in-game text","","","","","","standalone","","","","","","","","","","","","","","",""
"UNO Flip!","271460","0","0","0","1","0","0","0","0","0","0","0","3","","2 - 10 players
30 minutes","","","","139484098","5.88571","6.27244","1.2317","4015","15316","thing","UNO Flip!","2","10","30","30","30","2019","2,3,4,5,6,7","4","5+","No necessary in-game text","","","","","","standalone","","","","","","","","","","","","","","",""
"UNO: Pirates of the Caribbean at World's End","34767","0","0","0","1","0","0","0","0","0","0","0","3","","2 - 6 players","","","","135496845","0","5.63818","0","0","27","thing","UNO: Pirates of the Caribbean at World's End","2","10","30","30","30","2007","","","","","","","","","","standalone","","","","","","","","","","","","","","",""
"Unsettled","290484","0","0","0","1","0","0","0","0","0","0","0","3","","2 - 4 players
60 - 90 min
C-C-1","","","","139487236","7.02732","8.04937","3.2879","474","10681","thing","Unsettled","2","4","90","90","60","2021","1,2,3,4","2","12+","Extensive use of text - massive conversion needed to be playable","","","","","","standalone","","","","","","","","","","","","","","",""
"Unstable Unicorns: NSFW Base Game","287952","0","0","0","1","0","0","0","0","0","0","0","3","","2 - 8 players
30 - 45 minutes","","","","139483832","5.69531","6.48031","1.5455","6449","3775","thing","Unstable Unicorns: NSFW Base Game","2","8","45","45","30","2019","3,4,5,6","4,5","16+","Moderate in-game text - needs crib sheet or paste ups","","","","","","standalone","","","","","","","","","","","","","","",""
"Vagrantsong","340325","0","0","0","1","0","0","0","0","0","0","0","3","","2 - 4 players
45-120 min 
S-3-4","","","","135498709","6.48223","7.41197","3.1944","1375","7452","thing","Vagrantsong","2","4","120","120","45","2022","1,2,3","2","12+","Extensive use of text - massive conversion needed to be playable","","","","","","standalone","","","","","","","","","","","","","","",""
"Vagrantsong: Séance Scenario – Fox Sisters","368746","0","0","0","1","0","0","0","0","0","0","0","1","","Expansion
 S-3-4","","","","135501563","5.52971","7.69749","0","0","806","thing","Vagrantsong: Séance Scenario – Fox Sisters","2","4","120","120","45","2022","","","","","","","","","","expansion","","","","","","","","","","","","","","",""
"Valeria: Card Kingdoms","170561","0","0","0","1","0","0","0","0","0","0","0","3","","","","","","146488701","6.86287","7.42947","1.9636","670","10780","thing","Valeria: Card Kingdoms","1","5","45","45","30","2016","2,3,4","3","8+","Some necessary text - easily memorized or small crib sheet","","","","","","standalone","","","","","","","","","","","","","","",""
"Vampire: The Masquerade – Rivals: The Heart of Europe","358554","0","0","0","1","0","0","0","0","0","0","0","3","","","","","","142315633","5.53237","8.04839","0","0","512","thing","Vampire: The Masquerade – Rivals: The Heart of Europe","2","4","70","70","30","2022","","","","","","","","","","expansion","","","","","","","","","","","","","","",""
"Vast: The Crystal Caverns","170416","0","0","0","1","0","0","0","0","0","0","0","3","","1 - 5 players 
60 - 90 minutes 
Dungeon crawler","","","","138690961","6.65305","7.08512","3.6478","999","13814","thing","Vast: The Crystal Caverns","1","5","150","150","75","2016","2,3,4,5","4","12+","Extensive use of text - massive conversion needed to be playable","","","","","","standalone","","","","","","","","","","","","","","",""
"Vast: The Crystal Caverns – Bonus Cards","223998","0","0","0","1","0","0","0","0","0","0","0","3","","Expansion","","","","138691005","5.71065","7.60568","3.5","0","2580","thing","Vast: The Crystal Caverns – Bonus Cards","1","7","75","75","75","2017","4","4","","Extensive use of text - massive conversion needed to be playable","","","","","","expansion","","","","","","","","","","","","","","",""
"Vast: The Fearsome Foes","234757","0","0","0","1","0","0","0","0","0","0","0","3","","Expansion","","","","138691073","5.79307","7.57273","3.8182","0","3681","thing","Vast: The Fearsome Foes","1","7","90","90","60","2018","3,4,5,6","4,5","8","Extensive use of text - massive conversion needed to be playable","","","","","","expansion","","","","","","","","","","","","","","",""
"Vast: The Mysterious Manor","252399","0","0","0","1","0","0","0","0","0","0","0","3","","","","","","135591034","6.26685","7.38081","3.7536","1995","5495","thing","Vast: The Mysterious Manor","1","5","120","120","60","2019","3,4,5","4","12+","Extensive use of text - massive conversion needed to be playable","","","","","","standalone","","","","","","","","","","","","","","",""
"Vegas Strip","428638","0","0","0","1","0","0","0","0","0","0","0","3","","2-6 Players
40 Min
C-B-3
","","","","136061042","5.67382","6.63921","2.1818","6943","1635","thing","Vegas Strip","2","6","40","40","40","2025","3,4,5,6","4","10+","Some necessary text - easily memorized or small crib sheet","","","","","","standalone","","","","","","","","","","","","","","",""
"Vegetable Stock","328211","7","1","0","1","0","0","0","0","0","0","0","3","","2 - 6 players

Cute filler card game easy to understand and play for anyone new to the hobby.","","","","135497129","6.06368","6.6971","1.0476","2874","3730","thing","Vegetable Stock","2","6","20","20","15","2019","2,3,4,5,6","4","6+","No necessary in-game text","","","","","","standalone","","","","","","","","","","","","","","",""
"Veiled Fate","315695","0","0","0","1","0","0","0","0","0","0","0","3","","2 - 8 players
60 - 90 minutes 
C-A-1

Deduction","","","","138694864","6.42536","7.52256","2.2239","1521","4531","thing","Veiled Fate","2","8","90","90","60","2022","3,4,5,6,7,8","6","10+","Some necessary text - easily memorized or small crib sheet","","","","","","standalone","","","","","","","","","","","","","","",""
"Veiled Fate: Renewal Die","418871","0","0","0","1","0","0","0","0","0","0","0","3","","Expansion
C-A-1","","","","138694633","5.5329","8.10556","0","0","592","thing","Veiled Fate: Renewal Die","2","9","90","90","60","2025","","","","","","","","","","expansion","","","","","","","","","","","","","","",""
"Veiled Fate: Tribunal","418481","0","0","0","1","0","0","0","0","0","0","0","3","","Expansion","","","","138694643","5.67724","8.57962","3","0","1369","thing","Veiled Fate: Tribunal","2","9","120","120","60","2025","8","8","","","","","","","","expansion","","","","","","","","","","","","","","",""
"Villagers","241724","8.5","1","0","1","0","0","0","0","0","0","0","3","","1 5 players
30 - 60 minutes 
C-B-2
Card drafting tableau building

Fun game nice variation of strategy","","","","138691217","6.69618","7.09967","2.2246","929","15947","thing","Villagers","1","5","60","60","30","2019","1,2,3,4","3","10+","Some necessary text - easily memorized or small crib sheet","","","","","","standalone","","","","","","","","","","","","","","",""
"Villagers: Playmat & Promo Cards","312543","0","0","0","1","0","0","0","0","0","0","0","3","","Expansion","","","","138691239","5.5609","7.88525","0","0","695","thing","Villagers: Playmat & Promo Cards","1","5","60","60","30","2019","","","","","","","","","","expansion","","","","","","","","","","","","","","",""
"Villagers: Shifting Seasons","333503","0","0","0","1","0","0","0","0","0","0","0","3","","Expansion
C-B-2","","","","138691274","5.75045","7.82177","2","0","3213","thing","Villagers: Shifting Seasons","1","5","0","0","0","2022","1,2,3,4","4","8+","","","","","","","expansion","","","","","","","","","","","","","","",""
"Viticulture","128621","0","0","0","1","0","0","0","0","0","0","0","3","","","","","","142413805","7.17939","7.46979","2.9487","323","13288","thing","Viticulture","2","6","90","90","90","2013","2,3,4,5","3,4","12+","Moderate in-game text - needs crib sheet or paste ups","","","","","","standalone","","","","","","","","","","","","","","",""
"Viticulture Essential Edition","183394","0","0","0","1","0","0","0","0","0","0","0","3","","","","","","142575602","7.80417","7.95608","2.9026","43","78657","thing","Viticulture Essential Edition","1","6","90","90","45","2015","1,2,3,4,5","3,4","12+","Moderate in-game text - needs crib sheet or paste ups","","","","","","standalone","","","","","","","","","","","","","","",""
"VIVO","420242","0","0","0","1","0","0","0","0","0","0","0","3","","3-4 Players
20 Min
C-B-3","","","","137223619","5.89744","7.16626","1.3913","3923","1973","thing","VIVO","3","4","30","30","20","2024","3,4","4","8+","No necessary in-game text","","","","","","standalone","","","","","","","","","","","","","","",""
"Waddle","435360","8","1","0","1","0","0","0","0","0","0","0","3","","2-5 Players
15 Min
C-B-3","","","","136252369","5.8458","6.96161","1.4286","4368","1903","thing","Waddle","2","5","25","25","15","2025","3,4,5","4","6+","No necessary in-game text","","","","","","standalone","","","","","","","","","","","","","","",""
"Waddle: Orcas & Ice Floes","438426","0","0","0","1","0","0","0","0","0","0","0","3","","Expansion
C-B-3","","","","138697112","5.53606","7.39773","2","0","695","thing","Waddle: Orcas & Ice Floes","2","5","25","25","15","2025","","","","","","","","","","expansion","","","","","","","","","","","","","","",""
"Wakanda","161762","0","0","0","1","0","0","0","0","0","0","0","3","","2 players 
15 min
C-B-4","","","","139487117","5.55292","5.90645","1.5","13001","802","thing","Wakanda","2","2","15","15","15","2014","2","2","8+","No necessary in-game text","","","","","","standalone","","","","","","","","","","","","","","",""
"Wandering Towers","355483","0","0","0","1","0","0","0","0","0","0","0","3","","1 - 6 players 
30 minutes 
S-2-3

Fantasy","","","","138691377","6.8313","7.32354","1.5986","721","13132","thing","Wandering Towers","1","6","30","30","30","2022","3,4,5,6","4,5","6+","No necessary in-game text","","","","","","standalone","","","","","","","","","","","","","","",""
"War For Chicken Island","261898","0","0","0","1","0","0","0","0","0","0","0","3","","1-4 players
30-240 min 
S-2-4","","","","148057789","5.59863","6.7391","2.25","9548","1319","thing","War For Chicken Island","1","4","240","240","30","2020","2,3,4","3","10+","Moderate in-game text - needs crib sheet or paste ups","","","","","","standalone","","","","","","","","","","","","","","",""
"Wasabi!","33154","0","0","0","1","0","0","0","0","0","0","0","3","","2 - 4 players
30-45 min 
S-2-3","","","","135498532","6.15867","6.5145","1.9009","2402","5042","thing","Wasabi!","2","4","45","45","30","2008","2,3,4","3","8+","Some necessary text - easily memorized or small crib sheet","","","","","","standalone","","","","","","","","","","","","Z-Man Games","English","2008","English first edition"
"Waterworks","333","0","0","0","1","0","0","0","0","0","0","0","3","","2-5 players
30 min 
C-B-1","","","","136401990","5.50533","5.55687","1.2096","24597","5353","thing","Waterworks","2","5","30","30","30","1972","2,3,4,5","3,4","8+","No necessary in-game text","","","","","","standalone","","","","","","","","","","","","","","",""
"Weirdwood Manor","359601","0","0","0","1","0","0","0","0","0","0","0","3","","1-5 Players
90-120 Minutes
S-1-5","","","","148053586","5.80073","7.17879","3.3824","4816","2141","thing","Weirdwood Manor","1","5","120","120","90","2024","1,2,3","2","12+","Moderate in-game text - needs crib sheet or paste ups","","","","","","standalone","","","","","","","","","","","","","","",""
"Welcome to Everdell","375852","0","0","0","1","0","0","0","0","0","0","0","3","","2 - 4 players","","","","135498921","6.4182","7.52294","1.8933","1541","6379","thing","Welcome to Everdell","1","4","30","30","30","2022","1,2,3,4","3","6+","Moderate in-game text - needs crib sheet or paste ups","","","","","","standalone","","","","","","","","","","","","","","",""
"Welcome to the Dungeon","150312","0","0","0","1","0","0","0","0","0","0","0","3","","2 - 4 players","","","","135497177","6.36736","6.52358","1.2345","1680","27686","thing","Welcome to the Dungeon","2","4","30","30","30","2013","2,3,4","3","8+","Some necessary text - easily memorized or small crib sheet","","","","","","standalone","","","","","","","","","","","","","","",""
"Welcome to the Moon","339789","7.6","1","0","1","0","0","0","0","0","0","0","3","","1 - 6 player 
25 - 30 Minutes
C-B-2","","","","136060996","7.35224","7.84724","2.448","211","20882","thing","Welcome to the Moon","1","6","30","30","25","2021","1,2,3,4,5,6","2,3,4","10+","No necessary in-game text","","","","","","standalone","","","","","","","","","","","","","","",""
"Welcome To...","233867","7.8","8","0","1","0","0","0","0","0","0","0","3","","Game was very fast","","","","146488166","7.34856","7.50518","1.8414","215","55053","thing","Welcome To...","1","100","25","25","25","2018","1,2,3,4,5,6,7,8,9,10","3,4","10+","No necessary in-game text","","","","","","standalone","","","","","","","","","","","","","","",""
"Welcome To...: Dry Erase Expansions","342515","0","0","0","1","0","0","0","0","0","0","0","3","","","","","","147599427","5.60408","7.97538","0","0","977","thing","Welcome To...: Dry Erase Expansions","1","4","25","25","25","2020","","","","","","","","","","expansion","","","","","","","","","","","","","","",""
"Welcome To...: Easter Egg Hunt & Doomsday Thematic Neighborhoods","271874","0","0","0","1","0","0","0","0","0","0","0","3","","","","","","147599439","5.86598","7.29133","1.9167","0","3139","thing","Welcome To...: Easter Egg Hunt & Doomsday Thematic Neighborhoods","1","50","25","25","25","2019","1,2,3,4,5,6,7,8,9,10","1,2,3,4,5","8+","No necessary in-game text","","","","","","expansion","","","","","","","","","","","","","","",""
"Welcome To...: Halloween & Christmas Lights Thematic Neighborhoods","283991","0","0","0","1","0","0","0","0","0","0","0","3","","","","","","147599448","5.7685","7.48642","2","0","1782","thing","Welcome To...: Halloween & Christmas Lights Thematic Neighborhoods","1","50","25","25","25","2019","1,2,3,4,5,6","1,2,3,4,5,6","8+","","","","","","","expansion","","","","","","","","","","","","","","",""
"Welcome To...: Halloween Thematic Neighborhood","265377","0","0","0","1","0","0","0","0","0","0","0","3","","","","","","147599438","5.89004","7.40338","1.8333","0","4074","thing","Welcome To...: Halloween Thematic Neighborhood","1","100","25","25","25","2019","2,3,4,5,6,7,8,9,10","2,3,4,5,6","8+","","","","","","","expansion","","","","","","","","","","","","","","",""
"Welcome To...: Ice Cream Truck & Outbreak Thematic Neighborhoods","272257","0","0","0","1","0","0","0","0","0","0","0","3","","","","","","147599442","5.83457","7.25225","2.1","0","2674","thing","Welcome To...: Ice Cream Truck & Outbreak Thematic Neighborhoods","1","50","25","25","25","2019","1,2,3,4,5,6","1,2,3,4,5,6","8+","","","","","","","expansion","","","","","","","","","","","","","","",""
"Welcome To...: Spring Thematic Neighborhood","278207","0","0","0","1","0","0","0","0","0","0","0","3","","","","","","147599431","5.73265","7.35349","2","0","2656","thing","Welcome To...: Spring Thematic Neighborhood","1","50","25","25","25","2019","1,2,3,4,5,6,7,8,9,10,11,12,13,14,15,16,17,18,19,20,21,22,23,24,25,26,27,28,29,30,31","1,2,3,4,5,6,7,8,9,10,11,12","8+","","","","","","","expansion","","","","","","","","","","","","","","",""
"Welcome To...: Summer Thematic Neighborhood","278208","0","0","0","1","0","0","0","0","0","0","0","3","","","","","","147599430","5.74985","7.42741","1.6667","0","2598","thing","Welcome To...: Summer Thematic Neighborhood","1","50","25","25","25","2019","1,2,3,4,5,6","1,2,3,4,5,6","8+","","","","","","","expansion","","","","","","","","","","","","","","",""
"Where in the World is Carmen Sandiego? Card Game","232944","0","0","0","1","0","0","0","0","0","0","0","3","","2-4 Players
25-50 Min 
C-B-1","","","","147999729","5.47048","5.35853","1.6667","29936","1443","thing","Where in the World is Carmen Sandiego? Card Game","2","4","50","50","25","2017","2,4","4","10","","","","","","","standalone","","","","","","","","","","","","","","",""
"Whirling Witchcraft","335275","0","0","0","1","0","0","0","0","0","0","0","4","","","","","","139294500","6.26218","7.1754","1.8","2008","3905","thing","Whirling Witchcraft","2","5","30","30","15","2021","2,3,4,5","3","8+","Some necessary text - easily memorized or small crib sheet","","","","","","standalone","","","","","","","","","","","","","","",""
"Whirly Derby","449137","8","1","0","1","0","0","0","0","0","0","0","3","","2 - 6 players
20-30 min 
S-3-1

take the odds that your marbles are first out the shoot or last, take cards score cards and may the odds be in your favor.","","","","135719418","5.61893","6.61002","1.1429","8597","644","thing","Whirly Derby","2","6","30","30","20","2025","3,4,5,6","5","6+","No necessary in-game text","","","","","","standalone","","","","","","","","","","","","","","",""
"The White Castle","371942","0","0","0","1","0","0","0","0","0","0","0","3","","1 - 4 player
80 Min 
C-B-1","","","","138197991","7.69351","7.97841","3.0612","71","41350","thing","The White Castle","1","4","80","80","80","2023","1,2,3,4","3","12+","No necessary in-game text","","","","","","standalone","","","","","","","","","","","","","","",""
"The White Castle Duel","438936","0","0","0","1","0","0","0","0","0","0","0","3","","2 player
20 - 40 minutes 
C-B-4

Euro style","","","","138696338","6.23082","7.87673","2.8889","2130","3918","thing","The White Castle Duel","2","2","40","40","20","2025","2","2","12+","No necessary in-game text","","","","","","standalone","","","","","","","","","","","","","","",""
"The White Castle: Matcha","420321","0","0","0","1","0","0","0","0","0","0","0","3","","Expansion 
C-B-1","","","","138197998","6.90472","8.37129","3.2931","0","11323","thing","The White Castle: Matcha","1","4","110","110","90","2024","1,2,3,4","2,3","10+","No necessary in-game text","","","","","","expansion","","","","","","","","","","","","","","",""
"Who Killed Mia?","400663","0","0","0","1","0","0","0","0","0","0","0","3","","1-6 Players
1-2 Hours
C-C-3","","","","139485005","5.50719","5.98333","3","23967","229","thing","Who Killed Mia?","1","99","120","120","60","2023","1,2,3","2","","","","","","","","standalone","","","","","","","","","","","","","","",""
"Wild Tiled West","342032","8","2","0","1","0","0","0","0","0","0","0","3","","1 - 5 players
45 minutes
B-A-1","","","","139484274","6.33845","7.62478","2.7143","1754","2852","thing","Wild Tiled West","1","5","90","90","45","2023","1,2,3,4,5","3,4","12+","Some necessary text - easily memorized or small crib sheet","","","","","","standalone","","","","","","","","","","","","","","",""
"A Wild Venture","447174","0","0","0","1","0","0","0","0","0","0","0","3","","1 -2 players
40 - 60 minutes
C-A-4","","","","139482266","6.49174","7.90676","2.619","1359","4935","thing","A Wild Venture","2","2","60","60","40","2025","1,2","2","12+","Extensive use of text - massive conversion needed to be playable","","","","","","standalone","","","","","","","","","","","","","","",""
"Wild: Serengeti","335427","0","0","0","1","0","0","0","0","0","0","0","3","","1-4 players
45-120 mIn 
S-2-1","","","","148058252","6.14141","6.97877","2.5946","2484","5094","thing","Wild: Serengeti","1","4","120","120","45","2022","1,2,3","2","10+","Some necessary text - easily memorized or small crib sheet","","","","","","standalone","","","","","","","","","","","","","","",""
"Windward","282922","0","0","0","1","0","0","0","0","0","0","0","3","","1 - 5 players
30-90 mIn 
S-2-1","","","","135498939","5.90483","6.89303","2.3818","3848","3672","thing","Windward","1","5","90","90","30","2020","2,3,4","3","12+","Some necessary text - easily memorized or small crib sheet","","","","","","standalone","","","","","","","","","","","","","","",""
"Winnie the Pooh: Serious Detective","449448","0","0","0","1","0","0","0","0","0","0","0","3","","1-4 Players
90 Min
C-C-3","","","","143448454","5.56788","7.45343","2.2","11595","332","thing","Winnie the Pooh: Serious Detective","1","4","90","90","75","2025","1,2,3,4","4","","Extensive use of text - massive conversion needed to be playable","","","","","","standalone","","","","","","","","","","","","","","",""
"Wishland","290618","0","0","0","1","0","0","0","0","0","0","0","3","","1-4 Players
75 Minutes
S-3-3","","","","147962534","5.79276","7.14457","2.4783","4914","1408","thing","Wishland","1","4","75","75","75","2021","2,3,4","3","10+","No necessary in-game text","","","","","","standalone","","","","","","","","","","","","","","",""
"Wispwood","445044","7.8","3","0","1","0","0","0","0","0","0","0","3","","","","","","147297821","6.16038","7.38681","2.0278","2396","2689","thing","Wispwood","1","4","45","45","30","2025","1,2,3,4","3","10+","Some necessary text - easily memorized or small crib sheet","","","","","","standalone","","","","","","","","","","","","","","",""
"Witchcraft!","383499","0","0","0","1","0","0","0","0","0","0","0","3","","1 player
30 min
C-C-4
Hand management solitaire","","","","138693287","6.56724","7.60892","2.4306","1176","7769","thing","Witchcraft!","1","1","40","40","20","2023","1","1","12+","Moderate in-game text - needs crib sheet or paste ups","","","","","","standalone","","","","","","","","","","","","","","",""
"Without Fail","394134","0","0","0","1","0","0","0","0","0","0","0","3","","2+ players
20 minutes
C-B-5","","","","135500196","5.54083","6.29014","1","14691","669","thing","Without Fail","2","99","20","20","20","2023","4,5,6","4,5,6","6+","","","","","","","standalone","","","","","","","","","","","","","","",""
"Wizard School","185154","7","0","0","1","0","0","0","0","0","0","0","3","","2 - 5 players
40 - 90 min
C-C-1

Card","","","","138697228","5.41617","4.76339","2.5833","30756","999","thing","Wizard School","2","5","90","90","40","2016","2,3,4,5","2,4","12+","Moderate in-game text - needs crib sheet or paste ups","","","","","","standalone","","","","","","","","","","","","","","",""
"The Wolves","368058","0","0","0","1","0","0","0","0","0","0","0","3","","2-5 Players
75 Min 
S-1-3","","","","136061136","6.62341","7.24388","2.82","1061","8182","thing","The Wolves","2","5","75","75","75","2022","2,3,4","3","12+","Some necessary text - easily memorized or small crib sheet","","","","","","standalone","","","","","","","","","","","","","","",""
"Wombat Rescue","170300","0","0","0","1","0","0","0","0","0","0","0","3","","1-4 Players
60 minutes","","","","147962438","5.64372","6.43392","2.1","7732","863","thing","Wombat Rescue","1","4","60","60","60","2015","2,3,4","3","8+","No necessary in-game text","","","","","","standalone","","","","","","","","","","","","","","",""
"Wonder Woman: Challenge of the Amazons","302193","0","0","0","1","0","0","0","0","0","0","0","3","","2-5 players
45-60 min 
S-2-2","","","","140312443","5.84308","7.0977","2.5217","4387","2415","thing","Wonder Woman: Challenge of the Amazons","2","5","60","60","45","2020","2,3,4,5","3","8+","Moderate in-game text - needs crib sheet or paste ups","","","","","","standalone","","","","","","","","","","","","","","",""
"Wonderland's War","227935","0","0","0","1","0","0","0","0","0","0","0","3","","2 - 5 players 
30min per player
B-A-3

Area Control Competitive","","","","138689163","7.50461","8.03184","3.0374","133","17338","thing","Wonderland's War","2","5","125","125","45","2022","3,4,5","4","12+","Moderate in-game text - needs crib sheet or paste ups","","","","","","standalone","","","","","","","","","","","","","","",""
"World of Warcraft: The Boardgame","17223","0","0","0","1","0","0","0","0","0","0","0","3","","Needs blue guys","","","","140294633","6.29189","6.74542","3.5151","1918","10193","thing","World of Warcraft: The Boardgame","2","6","180","180","180","2005","2,4,6","4","12+","Extensive use of text - massive conversion needed to be playable","","","","","","standalone","","","","","","","","","","","","","","",""
"Wrath of Fire Mountain","421208","0","0","0","1","0","0","0","0","0","0","0","3","","2 - 4 players
30 - 45 min","","","","139486860","5.78799","7.05984","1.7333","4974","1397","thing","Wrath of Fire Mountain","2","4","45","45","30","2024","2,3,4","3","6+","Some necessary text - easily memorized or small crib sheet","","","","","","standalone","","","","","","","","","","","","","","",""
"Wroth","414117","9","2","0","1","0","0","0","0","0","0","0","3","","1-4 players
60 minutes
S-4-2

VS is better with more than 2.  Still need to try AI mode","","","","147522139","6.23292","7.49371","2.2941","2124","3447","thing","Wroth","1","4","60","60","60","2025","2,3,4","4","10+","Some necessary text - easily memorized or small crib sheet","","","","","","standalone","","","","","","","","","","","","","","",""
"Wroth: Paldeyn","417507","0","0","0","1","0","0","0","0","0","0","0","3","","","","","","147522147","5.6189","8.19522","2","0","1597","thing","Wroth: Paldeyn","1","4","60","60","60","2025","2","2","","","","","","","","expansion","","","","","","","","","","","","","","",""
"Wroth: Venna","417506","0","0","0","1","0","0","0","0","0","0","0","3","","","","","","147522149","5.61177","8.15934","2","0","1588","thing","Wroth: Venna","1","4","60","60","60","2025","2","2","","","","","","","","expansion","","","","","","","","","","","","","","",""
"Wyrmspan","410201","0","0","0","1","0","0","0","0","0","0","0","3","","1-5 players
90. Min 
S-2-4","","","","135548148","7.53543","7.94571","2.8306","124","35518","thing","Wyrmspan","1","5","90","90","90","2024","1,2,3,4","3","12+","Moderate in-game text - needs crib sheet or paste ups","","","","","","standalone","","","","","","","","","","","","","","",""
"Zombie Kittens","362202","0","0","0","1","0","0","0","0","0","0","0","3","","","","","","146488282","5.82764","6.55445","1.2","4526","7216","thing","Zombie Kittens","2","5","15","15","15","2022","3,4,5","4","10+","Some necessary text - easily memorized or small crib sheet","","","","","","standalone","","","","","","","","","","","","","","",""
"Zoomies","421283","0","0","0","1","0","0","0","0","0","0","0","3","","2 - 4 Players
30 Minutes
C-B-2","","","","137223590","5.5435","6.56296","1.6667","14267","232","thing","Zoomies","2","4","30","30","30","2024","2,3,4","3","10+","No necessary in-game text","","","","","","standalone","","","","","","","","","","","","","","",""
